Action,Trial,AF3,AF4,F3,F4,F7,F8,FC5,FC6,O1,O2,P7,P8,T7,T8,
(Action),(Trial),7961,8727,8190,8703,9094,8604,8517,8937,7439,9018,7898,8250,9268,8842,
(Action),(Trial),7961,8725,8194,8705,9094,8602,8517,8937,7429,9018,7901,8250,9272,8842,
(Action),(Trial),7961,8725,8190,8704,9094,8607,8517,8937,7430,9036,7896,8250,9262,8842,
(Action),(Trial),7962,8728,8195,8705,9094,8605,8517,8937,7440,9002,7899,8250,9285,8842,
(Action),(Trial),7961,8728,8191,8705,9094,8606,8517,8937,7405,9016,7896,8250,9273,8842,
(Action),(Trial),7960,8726,8192,8704,9094,8601,8518,8937,7435,9019,7899,8250,9279,8842,
(Action),(Trial),7958,8730,8191,8705,9094,8608,8517,8937,7429,9017,7900,8250,9271,8842,
(Action),(Trial),7960,8723,8193,8705,9094,8604,8517,8937,7437,9035,7900,8251,9274,8842,
(Action),(Trial),7963,8728,8188,8699,9094,8607,8516,8937,7442,9009,7900,8255,9262,8842,
(Action),(Trial),7959,8729,8192,8710,9094,8608,8515,8937,7424,9037,7900,8253,9266,8842,
(Action),(Trial),7960,8724,8189,8705,9094,8605,8516,8938,7439,9022,7898,8250,9270,8842,
(Action),(Trial),7960,8731,8194,8707,9094,8609,8516,8936,7423,9007,7898,8252,9268,8842,
(Action),(Trial),7960,8726,8191,8702,9094,8600,8516,8936,7434,9006,7899,8251,9274,8842,
(Action),(Trial),7960,8729,8190,8701,9094,8608,8516,8932,7429,9002,7898,8252,9275,8842,
(Action),(Trial),7960,8728,8192,8711,9094,8605,8516,8914,7432,9003,7898,8252,9274,8842,
(Action),(Trial),7960,8727,8190,8703,9094,8609,8516,8933,7428,8999,7900,8252,9272,8842,
(Action),(Trial),7960,8729,8190,8712,9094,8606,8516,8933,7441,9025,7899,8252,9272,8842,
(Action),(Trial),7956,8727,8191,8708,9094,8609,8518,8938,7429,9003,7898,8252,9263,8842,
(Action),(Trial),7961,8729,8192,8703,9094,8604,8517,8937,7437,9011,7901,8252,9284,8844,
(Action),(Trial),7960,8729,8190,8705,9094,8607,8517,8924,7427,9004,7901,8252,9273,8843,
(Action),(Trial),7963,8728,8193,8700,9094,8601,8517,8930,7429,9007,7901,8252,9276,8841,
(Action),(Trial),7959,8728,8191,8706,9094,8607,8518,8929,7432,9017,7901,8252,9281,8843,
(Action),(Trial),7958,8727,8192,8696,9094,8606,8517,8936,7436,9019,7901,8252,9263,8843,
(Action),(Trial),7961,8726,8188,8714,9094,8607,8517,8937,7440,9026,7900,8252,9270,8843,
(Action),(Trial),7962,8727,8193,8708,9094,8605,8513,8929,7437,9013,7900,8252,9271,8843,
(Action),(Trial),7958,8728,8190,8707,9094,8604,8516,8938,7434,9022,7901,8252,9264,8843,
(Action),(Trial),7958,8726,8192,8709,9094,8607,8518,8933,7423,9005,7900,8252,9272,8842,
(Action),(Trial),7962,8729,8191,8700,9094,8609,8517,8936,7436,9022,7898,8252,9273,8848,
(Action),(Trial),7958,8726,8192,8709,9094,8605,8518,8938,7432,9000,7898,8252,9268,8842,
(Action),(Trial),7962,8729,8189,8704,9094,8606,8515,8937,7422,9027,7899,8252,9275,8841,
(Action),(Trial),7960,8728,8192,8698,9094,8605,8514,8937,7442,9004,7900,8252,9270,8840,
(Action),(Trial),7962,8730,8190,8710,9094,8607,8517,8938,7430,9006,7899,8252,9282,8840,
(Action),(Trial),7962,8728,8191,8711,9094,8605,8515,8921,7441,9027,7901,8252,9274,8840,
(Action),(Trial),7961,8728,8193,8707,9094,8606,8516,8929,7434,9001,7901,8252,9269,8840,
(Action),(Trial),7961,8726,8193,8704,9094,8609,8515,8938,7438,9009,7899,8252,9260,8840,
(Action),(Trial),7961,8728,8191,8700,9094,8605,8515,8937,7429,9004,7897,8252,9278,8840,
(Action),(Trial),7962,8729,8194,8703,9094,8606,8514,8928,7437,9015,7901,8252,9276,8844,
(Action),(Trial),7961,8727,8190,8702,9094,8601,8514,8935,7433,9011,7898,8252,9272,8843,
(Action),(Trial),7961,8730,8188,8712,9094,8601,8514,8930,7435,9011,7893,8252,9276,8841,
(Action),(Trial),7961,8729,8192,8701,9094,8609,8518,8933,7433,9006,7901,8252,9284,8840,
(Action),(Trial),7956,8729,8190,8707,9094,8608,8517,8930,7438,9007,7899,8252,9262,8841,
(Action),(Trial),7960,8727,8193,8706,9094,8604,8518,8930,7442,9024,7902,8252,9275,8840,
(Action),(Trial),7957,8727,8192,8699,9094,8608,8518,8931,7427,9019,7898,8252,9267,8840,
(Action),(Trial),7959,8732,8193,8705,9094,8607,8517,8926,7438,9003,7900,8252,9277,8840,
(Action),(Trial),7961,8730,8193,8713,9094,8605,8516,8939,7434,9009,7898,8252,9270,8840,
(Action),(Trial),7962,8726,8192,8704,9094,8608,8516,8934,7433,9007,7902,8251,9280,8840,
(Action),(Trial),7959,8728,8189,8711,9094,8604,8517,8938,7442,9007,7902,8251,9273,8840,
(Action),(Trial),7959,8728,8194,8703,9094,8608,8518,8937,7431,9004,7905,8252,9279,8840,
(Action),(Trial),7960,8727,8189,8703,9094,8606,8517,8936,7431,9021,7890,8253,9270,8840,
(Action),(Trial),7961,8727,8191,8702,9094,8605,8518,8939,7436,9003,7900,8253,9274,8840,
(Action),(Trial),7957,8728,8193,8706,9094,8603,8517,8931,7436,9025,7898,8253,9276,8840,
(Action),(Trial),7961,8727,8190,8703,9094,8609,8517,8940,7436,9007,7900,8254,9267,8840,
(Action),(Trial),7957,8725,8192,8710,9094,8605,8518,8934,7435,9024,7898,8251,9281,8840,
(Action),(Trial),7960,8728,8194,8708,9094,8607,8516,8927,7435,9016,7905,8253,9263,8840,
(Action),(Trial),7961,8725,8187,8708,9094,8605,8518,8941,7438,9015,7896,8249,9279,8840,
(Action),(Trial),7962,8728,8190,8702,9094,8607,8517,8924,7435,9010,7903,8250,9269,8840,
(Action),(Trial),7963,8724,8194,8708,9094,8610,8518,8932,7421,9006,7897,8250,9268,8840,
(Action),(Trial),7958,8728,8193,8703,9094,8606,8517,8927,7441,9007,7897,8249,9262,8840,
(Action),(Trial),7962,8731,8192,8702,9094,8608,8517,8930,7427,9001,7900,8256,9266,8840,
(Action),(Trial),7956,8724,8189,8700,9094,8605,8517,8923,7441,9020,7898,8253,9274,8840,
(Action),(Trial),7962,8730,8190,8708,9094,8605,8517,8928,7435,9003,7897,8254,9279,8840,
(Action),(Trial),7959,8727,8190,8705,9094,8608,8517,8927,7423,9005,7900,8253,9277,8840,
(Action),(Trial),7959,8726,8189,8705,9094,8605,8517,8936,7432,9030,7898,8253,9270,8840,
(Action),(Trial),7961,8730,8193,8698,9094,8608,8517,8935,7431,9029,7899,8252,9275,8840,
(Action),(Trial),7960,8726,8192,8708,9094,8608,8518,8924,7430,9020,7901,8250,9275,8840,
(Action),(Trial),7962,8725,8191,8703,9094,8607,8516,8927,7428,9015,7897,8250,9270,8840,
(Action),(Trial),7958,8729,8195,8706,9094,8607,8527,8928,7429,9033,7900,8250,9264,8840,
(Action),(Trial),7960,8724,8190,8705,9094,8608,8525,8929,7433,9011,7898,8250,9282,8840,
(Action),(Trial),7960,8725,8194,8706,9094,8605,8527,8918,7432,9016,7898,8250,9272,8840,
(Action),(Trial),7960,8730,8192,8706,9094,8606,8517,8933,7432,9035,7899,8250,9286,8840,
(Action),(Trial),7960,8725,8193,8702,9094,8606,8516,8931,7436,9011,7898,8250,9280,8840,
(Action),(Trial),7962,8727,8190,8705,9094,8605,8514,8937,7431,9011,7901,8251,9270,8840,
(Action),(Trial),7961,8730,8193,8706,9094,8605,8516,8937,7435,9013,7900,8253,9276,8840,
(Action),(Trial),7962,8727,8192,8705,9094,8605,8516,8936,7438,9015,7901,8253,9263,8840,
(Action),(Trial),7962,8728,8192,8698,9094,8607,8516,8935,7436,9015,7896,8253,9268,8840,
(Action),(Trial),7960,8727,8192,8704,9094,8606,8516,8933,7431,9025,7901,8253,9275,8840,
(Action),(Trial),7959,8729,8191,8699,9094,8609,8516,8924,7443,9021,7898,8253,9281,8840,
(Action),(Trial),7960,8726,8193,8709,9094,8605,8516,8936,7428,9010,7900,8253,9278,8840,
(Action),(Trial),7961,8727,8191,8710,9094,8606,8516,8941,7433,9005,7898,8253,9275,8840,
(Action),(Trial),7962,8725,8195,8709,9094,8606,8516,8940,7438,9009,7899,8253,9258,8840,
(Action),(Trial),7961,8722,8194,8690,9094,8594,8514,8940,7438,9009,7900,8253,9284,8840,
(Action),(Trial),7961,8718,8191,8694,9094,8602,8525,8940,7437,9009,7900,8254,9271,8840,
(Action),(Trial),7961,8729,8192,8700,9094,8607,8525,8941,7439,9009,7900,8255,9265,8840,
(Action),(Trial),7961,8731,8192,8703,9094,8606,8526,8939,7436,9009,7900,8239,9277,8840,
(Action),(Trial),7961,8729,8192,8702,9094,8608,8525,8935,7439,9008,7900,8254,9263,8840,
(Action),(Trial),7961,8728,8192,8699,9094,8607,8524,8925,7436,9010,7900,8247,9276,8840,
(Action),(Trial),7961,8730,8192,8702,9094,8609,8525,8925,7439,9018,7900,8254,9263,8840,
(Action),(Trial),7961,8727,8192,8700,9094,8609,8525,8928,7427,9022,7901,8251,9265,8840,
(Action),(Trial),7961,8731,8192,8700,9094,8608,8525,8937,7428,9017,7896,8253,9270,8840,
(Action),(Trial),7961,8732,8192,8704,9094,8609,8525,8934,7433,9015,7900,8253,9269,8840,
(Action),(Trial),7961,8729,8192,8712,9094,8606,8526,8936,7422,9017,7898,8253,9269,8840,
(Action),(Trial),7961,8731,8192,8720,9094,8606,8516,8937,7442,9018,7899,8253,9266,8840,
(Action),(Trial),7961,8735,8192,8723,9094,8611,8516,8937,7437,9017,7898,8253,9265,8840,
(Action),(Trial),7961,8731,8192,8721,9094,8606,8514,8937,7439,9016,7898,8253,9266,8840,
(Action),(Trial),7961,8735,8192,8723,9094,8611,8523,8937,7420,9019,7898,8253,9265,8840,
(Action),(Trial),7961,8733,8192,8722,9094,8610,8523,8937,7423,9003,7898,8253,9265,8840,
(Action),(Trial),7961,8735,8192,8722,9094,8610,8522,8937,7431,9010,7898,8253,9265,8840,
(Action),(Trial),7961,8737,8195,8722,9094,8611,8513,8937,7431,9006,7898,8253,9265,8840,
(Action),(Trial),7961,8736,8195,8722,9094,8607,8515,8937,7415,9008,7898,8253,9264,8840,
(Action),(Trial),7961,8730,8195,8723,9094,8609,8518,8937,7435,9004,7898,8253,9265,8840,
(Action),(Trial),7961,8728,8195,8721,9094,8609,8514,8937,7422,9028,7898,8253,9265,8840,
(Action),(Trial),7961,8727,8195,8719,9094,8610,8517,8937,7436,9002,7898,8253,9267,8840,
(Action),(Trial),7961,8729,8195,8711,9094,8608,8516,8937,7422,9010,7898,8253,9268,8841,
(Action),(Trial),7961,8730,8193,8712,9094,8605,8516,8938,7423,9006,7898,8253,9269,8841,
(Action),(Trial),7961,8731,8192,8717,9094,8606,8516,8936,7415,9006,7899,8253,9269,8846,
(Action),(Trial),7961,8727,8192,8717,9094,8611,8516,8936,7425,9008,7898,8253,9270,8842,
(Action),(Trial),7961,8730,8192,8714,9094,8607,8516,8923,7438,9008,7899,8250,9265,8841,
(Action),(Trial),7963,8730,8192,8703,9095,8605,8514,8925,7429,9008,7897,8249,9267,8846,
(Action),(Trial),7959,8730,8192,8702,9095,8608,8529,8941,7439,9008,7902,8252,9263,8846,
(Action),(Trial),7955,8731,8192,8698,9094,8607,8519,8908,7420,9002,7902,8246,9308,8849,
(Action),(Trial),7944,8713,8192,8700,9090,8595,8553,8946,7438,9001,7916,8243,9264,8830,
(Action),(Trial),7967,8723,8192,8705,9089,8599,8520,8927,7433,9001,7900,8229,9290,8830,
(Action),(Trial),7952,8725,8193,8705,9090,8599,8525,8917,7420,8999,7902,8255,9292,8826,
(Action),(Trial),7940,8708,8188,8695,9062,8592,8519,8943,7410,8993,7907,8246,9304,8829,
(Action),(Trial),7927,8721,8164,8695,9062,8591,8529,8913,7414,8995,7897,8223,9293,8830,
(Action),(Trial),7940,8733,8161,8694,9059,8609,8513,8910,7428,9014,7907,8254,9297,8852,
(Action),(Trial),7994,8725,8201,8713,9106,8606,8523,8937,7442,9035,7904,8253,9260,8847,
(Action),(Trial),7965,8742,8192,8707,9098,8615,8514,8927,7445,9021,7902,8253,9282,8836,
(Action),(Trial),7945,8726,8196,8698,9094,8608,8529,8923,7415,8999,7898,8251,9292,8824,
(Action),(Trial),7958,8720,8193,8700,9089,8600,8523,8933,7420,8999,7897,8244,9291,8828,
(Action),(Trial),7954,8726,8194,8696,9089,8604,8524,8920,7413,9001,7900,8252,9292,8821,
(Action),(Trial),7964,8721,8220,8699,9091,8595,8526,8934,7413,9000,7904,8232,9296,8846,
(Action),(Trial),7964,8716,8222,8704,9094,8605,8527,8940,7418,8997,7901,8244,9267,8839,
(Action),(Trial),7988,8729,8226,8710,9098,8605,8517,8922,7425,9005,7899,8253,9268,8844,
(Action),(Trial),7975,8744,8187,8701,9090,8612,8523,8923,7443,8970,7900,8251,9262,8854,
(Action),(Trial),7971,8861,8189,8611,9093,8673,8511,8802,7445,9019,7899,8261,9262,8845,
(Action),(Trial),8000,8851,8199,8646,9095,8675,8515,8839,7449,9001,7897,8254,9262,8805,
(Action),(Trial),8030,8791,8225,8668,9092,8644,8524,8871,7448,9012,7926,8254,9273,8822,
(Action),(Trial),7996,8772,8222,8694,9095,8624,8524,8898,7435,9007,7927,8253,9289,8824,
(Action),(Trial),8001,8764,8224,8690,9097,8633,8512,8895,7443,9028,7934,8253,9286,8828,
(Action),(Trial),7991,8773,8223,8687,9112,8629,8517,8880,7440,9002,7917,8253,9287,8819,
(Action),(Trial),7994,8722,8217,8722,9109,8603,8512,8931,7441,9014,7916,8252,9290,8827,
(Action),(Trial),7956,8712,8186,8724,9091,8588,8515,8968,7440,9035,7903,8254,9262,8823,
(Action),(Trial),7959,8685,8153,8758,9094,8580,8515,8982,7451,9060,7926,8252,9296,8825,
(Action),(Trial),7957,8633,8188,8790,9104,8545,8538,9040,7443,9066,7922,8252,9294,8797,
(Action),(Trial),7963,8477,8190,8827,9129,8488,8506,9119,7448,9030,7910,8215,9289,8934,
(Action),(Trial),7960,8744,8163,8729,9103,8617,8492,8915,7448,9011,7953,8259,9293,8803,
(Action),(Trial),7964,8740,8160,8715,9097,8604,8517,8909,7449,9031,7962,8254,9292,8904,
(Action),(Trial),7976,8738,8187,8705,9090,8612,8518,8920,7441,9030,7946,8255,9292,8833,
(Action),(Trial),7963,8732,8187,8705,9095,8608,8516,8915,7442,9033,7956,8255,9292,8845,
(Action),(Trial),7962,8725,8192,8711,9095,8606,8524,8923,7440,9028,7958,8255,9294,8840,
(Action),(Trial),7958,8729,8190,8719,9095,8608,8512,8935,7440,9032,7960,8255,9291,8844,
(Action),(Trial),7964,8726,8190,8723,9095,8608,8513,8936,7444,9017,7901,8255,9286,8833,
(Action),(Trial),7960,8724,8190,8721,9096,8608,8518,8936,7443,9000,7885,8252,9260,8823,
(Action),(Trial),7964,8729,8191,8719,9096,8608,8516,8930,7443,8988,7905,8253,9291,8809,
(Action),(Trial),7963,8709,8194,8726,9095,8594,8522,8931,7443,8957,7931,8221,9288,8850,
(Action),(Trial),7963,8714,8194,8737,9104,8588,8526,8931,7442,8940,7957,8226,9292,8847,
(Action),(Trial),7960,8712,8175,8734,9109,8604,8513,8931,7441,8993,7973,8225,9285,8848,
(Action),(Trial),7948,8712,8160,8746,9098,8602,8518,8932,7443,9002,7992,8221,9290,8856,
(Action),(Trial),7941,8721,8154,8723,9098,8605,8496,8930,7442,9022,8015,8256,9255,8851,
(Action),(Trial),7947,8726,8189,8728,9097,8603,8512,8938,7441,9030,7963,8248,9270,8851,
(Action),(Trial),7952,8721,8179,8725,9096,8596,8512,8934,7441,9032,7927,8250,9266,8852,
(Action),(Trial),7959,8727,8181,8722,9096,8607,8514,8935,7439,9029,7913,8253,9270,8846,
(Action),(Trial),7963,8730,8194,8722,9096,8605,8516,8924,7441,9030,7885,8255,9271,8839,
(Action),(Trial),7963,8725,8192,8719,9097,8605,8518,8925,7438,9030,7924,8253,9278,8841,
(Action),(Trial),7961,8723,8194,8725,9095,8603,8506,8937,7443,9032,7934,8249,9281,8846,
(Action),(Trial),7937,8720,8157,8742,9114,8597,8515,8934,7439,9008,7975,8217,9266,8863,
(Action),(Trial),7953,8690,8179,8727,9105,8587,8493,8937,7441,9007,8008,8239,9261,8954,
(Action),(Trial),7960,8670,8193,8707,9094,8596,8522,8967,7444,9005,7908,8232,9263,8862,
(Action),(Trial),7962,8655,8188,8726,9099,8584,8514,8966,7444,9018,7945,8261,9262,8890,
(Action),(Trial),7962,8664,8187,8699,9097,8586,8516,8972,7433,9034,7944,8221,9262,8903,
(Action),(Trial),7958,8666,8191,8705,9094,8589,8515,8970,7433,9031,7931,8258,9266,8880,
(Action),(Trial),7960,8698,8191,8762,9096,8586,8508,8975,7434,9032,7934,8249,9265,8850,
(Action),(Trial),7934,8686,8191,8743,9091,8591,8519,8958,7434,9017,8008,8246,9293,8858,
(Action),(Trial),7958,8699,8192,8729,9098,8598,8492,8946,7439,9035,7952,8227,9256,8856,
(Action),(Trial),7953,8694,8191,8747,9094,8596,8519,8973,7437,9031,7938,8227,9261,8848,
(Action),(Trial),7933,8698,8191,8747,9095,8596,8496,8960,7435,9029,7970,8217,9290,8851,
(Action),(Trial),7933,8702,8191,8722,9096,8600,8500,8942,7441,9031,7971,8253,9265,8853,
(Action),(Trial),7937,8702,8191,8728,9096,8606,8517,8949,7421,9030,7928,8257,9268,8852,
(Action),(Trial),7965,8705,8191,8723,9096,8585,8518,8944,7442,9004,7928,8261,9264,8851,
(Action),(Trial),7963,8710,8191,8726,9092,8602,8518,8938,7425,9016,7923,8256,9268,8849,
(Action),(Trial),7949,8718,8191,8728,9095,8607,8514,8941,7441,9034,7906,8253,9285,8847,
(Action),(Trial),7954,8738,8191,8705,9095,8607,8516,8935,7439,9024,7924,8253,9268,8842,
(Action),(Trial),7952,8734,8191,8710,9097,8612,8513,8936,7437,9025,7916,8252,9270,8835,
(Action),(Trial),7944,8728,8193,8712,9096,8613,8515,8936,7440,9025,7895,8252,9264,8828,
(Action),(Trial),7935,8729,8194,8712,9095,8612,8515,8937,7439,9025,7896,8252,9289,8825,
(Action),(Trial),7947,8736,8194,8713,9092,8614,8530,8937,7441,9025,7861,8252,9257,8829,
(Action),(Trial),7961,8727,8194,8709,9097,8606,8513,8937,7436,9026,7878,8252,9260,8828,
(Action),(Trial),7961,8725,8194,8706,9088,8608,8518,8937,7432,9025,7890,8252,9283,8828,
(Action),(Trial),7959,8727,8194,8712,9090,8609,8523,8937,7436,9013,7892,8252,9275,8828,
(Action),(Trial),7957,8725,8192,8703,9086,8608,8518,8937,7437,9025,7895,8251,9292,8828,
(Action),(Trial),7957,8731,8191,8715,9096,8611,8517,8935,7429,9029,7886,8252,9258,8828,
(Action),(Trial),7957,8729,8192,8707,9097,8609,8515,8936,7431,9035,7874,8252,9264,8828,
(Action),(Trial),7957,8727,8192,8708,9092,8609,8517,8936,7433,9030,7899,8252,9270,8828,
(Action),(Trial),7957,8729,8192,8707,9092,8608,8518,8934,7431,9022,7899,8252,9270,8828,
(Action),(Trial),7957,8730,8192,8712,9092,8606,8516,8936,7421,9012,7883,8252,9272,8828,
(Action),(Trial),7957,8726,8192,8711,9093,8613,8516,8925,7429,9034,7869,8252,9268,8828,
(Action),(Trial),7957,8725,8192,8706,9093,8607,8516,8942,7431,9009,7890,8252,9262,8828,
(Action),(Trial),7957,8727,8192,8712,9093,8609,8516,8935,7424,9025,7890,8252,9272,8828,
(Action),(Trial),7957,8727,8192,8707,9094,8606,8516,8934,7438,9029,7887,8252,9280,8828,
(Action),(Trial),7957,8726,8192,8719,9095,8608,8518,8939,7426,9029,7890,8252,9265,8828,
(Action),(Trial),7957,8730,8192,8703,9095,8608,8517,8920,7443,9028,7901,8251,9264,8827,
(Action),(Trial),7957,8726,8192,8713,9095,8609,8517,8936,7423,9028,7898,8251,9269,8828,
(Action),(Trial),7957,8728,8192,8711,9095,8609,8517,8938,7434,9029,7897,8253,9266,8835,
(Action),(Trial),7957,8728,8192,8711,9095,8605,8517,8937,7425,9027,7889,8255,9268,8849,
(Action),(Trial),7957,8726,8192,8707,9095,8610,8517,8927,7432,9029,7875,8253,9267,8842,
(Action),(Trial),7957,8726,8192,8708,9095,8608,8517,8938,7431,9003,7891,8249,9266,8842,
(Action),(Trial),7957,8728,8192,8716,9095,8609,8517,8934,7428,9009,7888,8250,9276,8841,
(Action),(Trial),7957,8728,8192,8703,9095,8606,8517,8937,7447,9006,7894,8250,9270,8842,
(Action),(Trial),7957,8730,8192,8709,9095,8606,8518,8935,7417,9006,7903,8249,9269,8842,
(Action),(Trial),7957,8727,8192,8711,9095,8605,8514,8938,7423,9003,7901,8254,9266,8842,
(Action),(Trial),7957,8730,8192,8700,9095,8605,8516,8937,7419,9033,7891,8248,9270,8842,
(Action),(Trial),7957,8726,8192,8712,9095,8608,8516,8937,7423,9027,7897,8248,9274,8842,
(Action),(Trial),7958,8730,8192,8710,9095,8607,8518,8932,7432,9029,7896,8253,9276,8842,
(Action),(Trial),7957,8718,8191,8700,9095,8606,8517,8931,7420,9029,7897,8256,9272,8842,
(Action),(Trial),7962,8729,8192,8712,9095,8610,8517,8935,7434,9005,7897,8256,9270,8842,
(Action),(Trial),7960,8723,8191,8704,9095,8609,8518,8938,7426,9008,7896,8255,9261,8842,
(Action),(Trial),7962,8729,8192,8708,9095,8609,8517,8932,7435,9008,7900,8255,9285,8842,
(Action),(Trial),7962,8727,8192,8709,9095,8607,8517,8940,7437,9013,7896,8255,9258,8841,
(Action),(Trial),7961,8727,8192,8710,9095,8607,8516,8935,7423,9033,7898,8255,9287,8842,
(Action),(Trial),7962,8729,8192,8702,9095,8608,8515,8938,7437,9030,7898,8255,9275,8841,
(Action),(Trial),7961,8727,8192,8705,9095,8607,8516,8938,7429,9031,7897,8256,9266,8846,
(Action),(Trial),7961,8725,8191,8707,9095,8608,8515,8936,7429,9035,7899,8256,9272,8840,
(Action),(Trial),7957,8727,8192,8711,9095,8608,8517,8931,7428,9009,7886,8250,9270,8844,
(Action),(Trial),7960,8728,8191,8711,9095,8608,8518,8927,7434,9022,7895,8248,9269,8841,
(Action),(Trial),7960,8728,8193,8703,9095,8609,8518,8937,7432,9014,7871,8252,9266,8843,
(Action),(Trial),7962,8726,8193,8714,9095,8609,8517,8934,7434,9037,7897,8253,9277,8843,
(Action),(Trial),7962,8729,8193,8710,9095,8609,8517,8929,7427,9008,7899,8253,9272,8843,
(Action),(Trial),7962,8723,8193,8709,9095,8605,8515,8932,7431,9007,7893,8253,9271,8843,
(Action),(Trial),7962,8728,8193,8703,9095,8609,8516,8922,7418,9001,7891,8253,9274,8843,
(Action),(Trial),7962,8724,8191,8716,9095,8610,8516,8928,7425,9004,7887,8253,9262,8843,
(Action),(Trial),7962,8729,8192,8706,9095,8607,8518,8940,7443,9004,7887,8251,9263,8843,
(Action),(Trial),7962,8727,8191,8709,9095,8605,8517,8916,7429,9002,7889,8251,9271,8843,
(Action),(Trial),7962,8727,8192,8706,9095,8607,8517,8942,7434,9005,7906,8252,9271,8843,
(Action),(Trial),7962,8727,8192,8706,9095,8607,8517,8933,7434,9004,7899,8251,9264,8843,
(Action),(Trial),7962,8726,8194,8708,9095,8607,8517,8933,7416,9033,7899,8252,9288,8843,
(Action),(Trial),7962,8727,8193,8707,9095,8601,8517,8934,7418,9028,7892,8252,9261,8843,
(Action),(Trial),7962,8726,8194,8709,9095,8601,8517,8936,7437,9028,7887,8252,9290,8843,
(Action),(Trial),7962,8728,8194,8708,9095,8612,8517,8938,7429,9033,7888,8252,9264,8843,
(Action),(Trial),7962,8727,8192,8714,9095,8607,8517,8929,7425,9032,7894,8252,9271,8843,
(Action),(Trial),7962,8725,8190,8707,9095,8607,8517,8936,7431,9018,7901,8252,9265,8843,
(Action),(Trial),7962,8729,8189,8699,9095,8605,8517,8933,7431,9010,7901,8252,9267,8843,
(Action),(Trial),7962,8724,8194,8713,9095,8607,8517,8934,7435,9005,7898,8252,9267,8843,
(Action),(Trial),7962,8725,8192,8710,9095,8606,8517,8936,7420,9009,7898,8252,9267,8843,
(Action),(Trial),7962,8727,8191,8712,9095,8606,8517,8930,7415,9010,7898,8252,9269,8843,
(Action),(Trial),7962,8724,8191,8705,9095,8607,8517,8936,7439,9009,7899,8252,9268,8843,
(Action),(Trial),7962,8730,8191,8712,9095,8611,8517,8935,7423,9009,7898,8252,9276,8843,
(Action),(Trial),7962,8726,8191,8701,9095,8606,8517,8915,7443,9009,7896,8252,9269,8843,
(Action),(Trial),7962,8725,8191,8709,9095,8608,8517,8939,7424,9009,7887,8252,9261,8843,
(Action),(Trial),7962,8725,8192,8703,9095,8609,8518,8931,7433,9009,7900,8252,9288,8843,
(Action),(Trial),7962,8723,8193,8704,9095,8605,8517,8936,7416,9009,7896,8252,9267,8843,
(Action),(Trial),7962,8724,8194,8704,9095,8610,8516,8936,7430,9009,7902,8252,9284,8843,
(Action),(Trial),7962,8726,8193,8707,9094,8609,8514,8924,7427,9009,7897,8252,9278,8843,
(Action),(Trial),7962,8724,8194,8707,9096,8607,8517,8940,7430,9009,7898,8252,9265,8843,
(Action),(Trial),7962,8729,8194,8709,9096,8610,8517,8935,7429,9008,7898,8252,9267,8843,
(Action),(Trial),7962,8724,8194,8702,9096,8607,8518,8930,7441,9010,7898,8252,9261,8843,
(Action),(Trial),7962,8728,8194,8704,9096,8616,8515,8926,7440,9012,7898,8252,9282,8843,
(Action),(Trial),7962,8724,8194,8711,9096,8606,8517,8940,7435,9035,7899,8252,9264,8843,
(Action),(Trial),7962,8727,8194,8710,9096,8604,8515,8931,7425,9033,7896,8252,9273,8843,
(Action),(Trial),7962,8725,8194,8706,9096,8602,8517,8932,7419,9033,7897,8252,9269,8843,
(Action),(Trial),7962,8725,8194,8701,9096,8601,8518,8932,7422,9011,7893,8252,9268,8843,
(Action),(Trial),7962,8726,8194,8712,9096,8600,8516,8931,7420,9010,7899,8251,9273,8843,
(Action),(Trial),7962,8725,8194,8709,9096,8610,8516,8932,7435,9000,7902,8251,9266,8843,
(Action),(Trial),7962,8728,8194,8707,9096,8607,8516,8924,7430,9001,7888,8252,9281,8843,
(Action),(Trial),7962,8723,8194,8709,9096,8609,8517,8933,7437,9021,7894,8253,9282,8843,
(Action),(Trial),7962,8723,8194,8710,9096,8607,8518,8936,7436,9007,7887,8253,9280,8843,
(Action),(Trial),7962,8726,8194,8706,9096,8607,8517,8932,7429,9008,7890,8253,9260,8843,
(Action),(Trial),7962,8727,8194,8706,9096,8609,8517,8931,7430,9034,7887,8253,9284,8843,
(Action),(Trial),7962,8729,8194,8712,9096,8608,8517,8933,7428,9026,7897,8251,9272,8843,
(Action),(Trial),7962,8726,8194,8706,9096,8605,8517,8937,7434,9029,7899,8255,9283,8843,
(Action),(Trial),7962,8728,8194,8710,9096,8607,8517,8935,7435,9002,7897,8253,9264,8843,
(Action),(Trial),7962,8727,8194,8701,9096,8609,8518,8936,7431,9029,7886,8249,9271,8843,
(Action),(Trial),7962,8729,8194,8706,9097,8607,8515,8936,7424,9027,7891,8252,9267,8843,
(Action),(Trial),7962,8727,8194,8710,9095,8606,8518,8935,7442,9029,7900,8250,9266,8843,
(Action),(Trial),7962,8724,8194,8698,9094,8608,8517,8932,7441,9006,7887,8249,9269,8843,
(Action),(Trial),7962,8732,8194,8712,9094,8608,8517,8925,7423,9010,7889,8250,9274,8843,
(Action),(Trial),7962,8726,8194,8711,9094,8603,8517,8936,7434,9007,7896,8250,9271,8843,
(Action),(Trial),7962,8729,8194,8710,9094,8609,8518,8935,7430,9007,7898,8256,9272,8843,
(Action),(Trial),7962,8729,8194,8710,9094,8605,8517,8939,7432,9009,7896,8253,9261,8843,
(Action),(Trial),7962,8726,8194,8700,9094,8608,8517,8936,7410,9008,7887,8253,9265,8843,
(Action),(Trial),7962,8726,8194,8711,9094,8608,8516,8938,7439,9011,7888,8253,9267,8843,
(Action),(Trial),7962,8727,8194,8705,9094,8606,8516,8930,7434,9009,7905,8253,9268,8843,
(Action),(Trial),7962,8723,8194,8708,9094,8609,8516,8938,7431,9035,7896,8253,9266,8843,
(Action),(Trial),7962,8727,8194,8709,9094,8606,8517,8937,7416,9002,7893,8253,9267,8843,
(Action),(Trial),7962,8726,8194,8712,9094,8608,8517,8929,7429,9024,7897,8253,9266,8843,
(Action),(Trial),7962,8727,8194,8706,9094,8607,8518,8939,7435,9029,7905,8253,9267,8843,
(Action),(Trial),7962,8726,8194,8711,9094,8609,8517,8937,7428,9020,7905,8253,9269,8843,
(Action),(Trial),7962,8729,8194,8703,9094,8604,8517,8931,7423,9020,7904,8253,9266,8843,
(Action),(Trial),7962,8727,8194,8709,9094,8610,8517,8937,7426,9025,7904,8253,9268,8843,
(Action),(Trial),7962,8726,8194,8705,9094,8606,8517,8911,7440,9022,7904,8253,9269,8843,
(Action),(Trial),7962,8728,8194,8707,9094,8607,8517,8939,7437,9029,7904,8253,9269,8843,
(Action),(Trial),7962,8725,8194,8707,9094,8608,8517,8929,7436,9030,7904,8253,9272,8843,
(Action),(Trial),7962,8727,8194,8702,9094,8603,8517,8928,7422,9029,7907,8253,9267,8843,
(Action),(Trial),7962,8725,8194,8713,9094,8609,8517,8935,7438,9025,7890,8254,9274,8843,
(Action),(Trial),7962,8728,8194,8707,9094,8610,8517,8936,7423,9029,7900,8247,9266,8843,
(Action),(Trial),7962,8725,8194,8711,9094,8607,8517,8933,7431,9031,7900,8253,9263,8843,
(Action),(Trial),7962,8726,8194,8709,9094,8606,8517,8936,7435,9009,7901,8249,9265,8843,
(Action),(Trial),7961,8727,8194,8704,9094,8610,8517,8932,7443,9011,7889,8252,9264,8843,
(Action),(Trial),7957,8729,8194,8705,9094,8608,8517,8931,7432,9005,7898,8253,9264,8843,
(Action),(Trial),7962,8729,8194,8705,9094,8608,8517,8927,7434,9009,7894,8253,9259,8843,
(Action),(Trial),7960,8727,8194,8713,9094,8608,8517,8922,7429,9010,7897,8253,9282,8843,
(Action),(Trial),7960,8728,8194,8708,9094,8608,8517,8928,7437,9008,7898,8253,9262,8843,
(Action),(Trial),7960,8725,8194,8704,9098,8607,8517,8938,7425,9008,7898,8253,9267,8843,
(Action),(Trial),7960,8733,8194,8708,9097,8608,8517,8934,7434,9023,7898,8251,9284,8843,
(Action),(Trial),7960,8726,8194,8711,9096,8608,8517,8930,7429,9028,7898,8251,9258,8843,
(Action),(Trial),7960,8727,8194,8711,9095,8606,8517,8932,7429,9003,7897,8251,9278,8843,
(Action),(Trial),7960,8731,8194,8705,9096,8607,8517,8925,7429,9013,7899,8251,9266,8843,
(Action),(Trial),7960,8723,8194,8707,9096,8609,8517,8925,7429,9011,7888,8252,9271,8843,
(Action),(Trial),7960,8728,8194,8712,9096,8607,8518,8941,7435,9012,7894,8252,9275,8843,
(Action),(Trial),7960,8726,8194,8704,9096,8609,8515,8914,7428,9010,7899,8251,9268,8843,
(Action),(Trial),7960,8729,8194,8706,9096,8606,8516,8941,7429,9027,7897,8251,9270,8843,
(Action),(Trial),7960,8732,8194,8705,9096,8607,8515,8934,7438,9027,7897,8253,9268,8843,
(Action),(Trial),7960,8723,8194,8702,9097,8605,8515,8936,7433,9029,7889,8253,9263,8843,
(Action),(Trial),7960,8726,8194,8709,9095,8604,8515,8933,7437,9027,7886,8253,9270,8843,
(Action),(Trial),7960,8727,8194,8709,9095,8608,8515,8933,7426,9028,7887,8253,9269,8843,
(Action),(Trial),7959,8730,8194,8710,9095,8609,8515,8934,7434,9028,7887,8253,9268,8843,
(Action),(Trial),7963,8725,8194,8709,9095,8609,8515,8935,7436,9028,7893,8253,9268,8843,
(Action),(Trial),7960,8728,8194,8706,9095,8604,8515,8929,7430,9028,7896,8253,9269,8843,
(Action),(Trial),7961,8727,8194,8709,9095,8604,8515,8929,7435,9029,7898,8253,9264,8843,
(Action),(Trial),7962,8728,8194,8707,9095,8611,8515,8937,7428,9025,7894,8253,9268,8843,
(Action),(Trial),7962,8725,8194,8704,9095,8610,8515,8934,7427,9025,7895,8253,9279,8843,
(Action),(Trial),7962,8727,8194,8710,9095,8608,8515,8924,7437,9023,7897,8253,9270,8843,
(Action),(Trial),7962,8727,8194,8701,9095,8608,8515,8936,7423,9030,7902,8253,9268,8843,
(Action),(Trial),7962,8728,8194,8703,9095,8607,8515,8934,7442,9018,7889,8253,9268,8843,
(Action),(Trial),7962,8726,8194,8707,9095,8607,8515,8933,7438,9002,7903,8253,9284,8843,
(Action),(Trial),7962,8723,8194,8707,9096,8607,8515,8932,7425,9006,7885,8253,9269,8843,
(Action),(Trial),7962,8732,8194,8712,9097,8607,8515,8931,7427,9006,7902,8253,9271,8843,
(Action),(Trial),7962,8727,8194,8704,9094,8609,8515,8937,7430,9006,7895,8253,9265,8843,
(Action),(Trial),7962,8729,8194,8709,9096,8608,8517,8936,7436,9006,7899,8253,9280,8843,
(Action),(Trial),7962,8729,8194,8707,9096,8606,8514,8936,7436,9006,7899,8253,9266,8843,
(Action),(Trial),7962,8727,8194,8716,9096,8608,8525,8936,7430,9006,7887,8253,9261,8843,
(Action),(Trial),7962,8727,8194,8706,9096,8607,8513,8937,7437,9006,7892,8253,9279,8843,
(Action),(Trial),7962,8728,8194,8711,9096,8607,8516,8932,7429,9006,7890,8253,9276,8843,
(Action),(Trial),7962,8726,8194,8707,9096,8608,8516,8940,7431,9006,7890,8253,9276,8843,
(Action),(Trial),7962,8727,8194,8714,9096,8608,8520,8922,7426,9006,7903,8253,9276,8843,
(Action),(Trial),7962,8729,8194,8704,9096,8608,8526,8939,7438,9006,7896,8253,9266,8843,
(Action),(Trial),7962,8731,8194,8708,9096,8607,8514,8929,7439,9006,7894,8253,9263,8843,
(Action),(Trial),7962,8725,8194,8703,9096,8609,8518,8934,7428,9006,7889,8253,9272,8843,
(Action),(Trial),7962,8730,8194,8711,9096,8605,8517,8936,7436,9004,7894,8253,9270,8843,
(Action),(Trial),7962,8724,8194,8704,9096,8607,8514,8934,7433,9007,7900,8253,9280,8843,
(Action),(Trial),7962,8728,8194,8711,9096,8607,8517,8937,7436,9009,7901,8253,9284,8843,
(Action),(Trial),7962,8727,8194,8708,9096,8606,8515,8935,7431,9036,7901,8253,9270,8843,
(Action),(Trial),7962,8726,8194,8710,9096,8605,8517,8929,7431,9033,7892,8253,9275,8843,
(Action),(Trial),7962,8728,8194,8715,9096,8609,8518,8926,7439,9031,7890,8253,9264,8843,
(Action),(Trial),7962,8726,8194,8700,9096,8608,8518,8934,7441,9019,7886,8253,9266,8843,
(Action),(Trial),7962,8727,8194,8709,9096,8607,8517,8942,7430,9009,7902,8253,9271,8843,
(Action),(Trial),7962,8725,8194,8704,9096,8608,8517,8916,7441,9005,7900,8253,9268,8843,
(Action),(Trial),7962,8728,8194,8712,9096,8607,8517,8942,7429,9008,7900,8253,9267,8843,
(Action),(Trial),7962,8727,8194,8711,9096,8607,8517,8933,7437,9010,7896,8253,9272,8843,
(Action),(Trial),7962,8727,8194,8712,9096,8612,8517,8931,7429,9008,7888,8253,9273,8843,
(Action),(Trial),7962,8728,8194,8706,9096,8608,8517,8929,7433,9026,7887,8253,9267,8843,
(Action),(Trial),7962,8726,8194,8712,9096,8610,8517,8933,7439,9004,7892,8253,9268,8843,
(Action),(Trial),7962,8729,8194,8707,9096,8608,8517,8924,7436,9028,7900,8253,9266,8843,
(Action),(Trial),7962,8726,8194,8709,9096,8606,8517,8937,7439,9029,7899,8253,9263,8843,
(Action),(Trial),7962,8729,8194,8711,9096,8609,8517,8933,7425,9026,7898,8253,9272,8843,
(Action),(Trial),7962,8727,8194,8712,9096,8608,8517,8936,7435,9027,7899,8253,9266,8843,
(Action),(Trial),7962,8727,8194,8714,9096,8605,8517,8934,7431,9007,7885,8253,9272,8843,
(Action),(Trial),7962,8727,8194,8700,9096,8607,8517,8934,7426,9013,7893,8253,9267,8843,
(Action),(Trial),7962,8730,8194,8703,9096,8608,8517,8924,7436,9032,7894,8253,9271,8843,
(Action),(Trial),7962,8729,8194,8712,9096,8606,8517,8934,7433,9003,7886,8253,9266,8843,
(Action),(Trial),7962,8726,8194,8707,9096,8606,8517,8935,7437,9007,7900,8253,9283,8843,
(Action),(Trial),7962,8726,8194,8708,9097,8610,8517,8934,7432,9010,7898,8253,9262,8843,
(Action),(Trial),7962,8728,8194,8706,9096,8606,8518,8938,7439,9007,7897,8253,9280,8843,
(Action),(Trial),7962,8727,8194,8704,9097,8609,8518,8934,7434,9033,7896,8253,9263,8843,
(Action),(Trial),7962,8730,8194,8705,9093,8607,8518,8937,7436,9009,7899,8253,9283,8843,
(Action),(Trial),7962,8726,8194,8707,9099,8609,8518,8938,7435,9020,7899,8256,9259,8843,
(Action),(Trial),7962,8728,8194,8703,9097,8606,8514,8938,7432,9015,7898,8255,9283,8843,
(Action),(Trial),7962,8724,8194,8708,9096,8610,8514,8927,7440,9017,7898,8255,9261,8843,
(Action),(Trial),7962,8729,8194,8703,9095,8604,8516,8926,7433,9018,7898,8255,9272,8843,
(Action),(Trial),7962,8728,8194,8705,9094,8608,8516,8934,7430,9015,7898,8253,9264,8844,
(Action),(Trial),7962,8728,8193,8705,9097,8607,8515,8935,7443,9031,7898,8253,9267,8845,
(Action),(Trial),7962,8729,8191,8711,9096,8607,8518,8936,7427,9028,7898,8253,9269,8845,
(Action),(Trial),7962,8724,8192,8700,9097,8605,8517,8936,7427,9030,7898,8253,9271,8843,
(Action),(Trial),7962,8729,8191,8710,9093,8608,8517,8937,7422,9028,7898,8253,9270,8843,
(Action),(Trial),7962,8731,8194,8706,9096,8608,8517,8935,7438,9006,7898,8253,9268,8843,
(Action),(Trial),7962,8728,8192,8706,9095,8605,8517,8937,7428,9008,7900,8253,9279,8843,
(Action),(Trial),7962,8727,8192,8707,9096,8608,8518,8937,7437,9009,7887,8253,9272,8843,
(Action),(Trial),7962,8725,8192,8705,9096,8606,8515,8932,7432,9008,7902,8253,9264,8843,
(Action),(Trial),7962,8729,8191,8712,9096,8607,8514,8921,7439,9009,7897,8253,9268,8843,
(Action),(Trial),7962,8726,8191,8706,9096,8605,8514,8916,7426,9009,7902,8253,9268,8843,
(Action),(Trial),7962,8726,8192,8706,9093,8607,8514,8928,7434,9009,7901,8253,9265,8843,
(Action),(Trial),7962,8724,8192,8710,9097,8607,8514,8926,7429,9009,7901,8253,9280,8843,
(Action),(Trial),7962,8728,8191,8705,9096,8605,8516,8941,7434,9009,7901,8253,9262,8843,
(Action),(Trial),7962,8727,8194,8713,9096,8607,8518,8934,7437,9009,7901,8253,9278,8843,
(Action),(Trial),7962,8729,8190,8708,9097,8606,8518,8936,7438,9009,7901,8253,9266,8843,
(Action),(Trial),7962,8727,8190,8710,9093,8609,8517,8938,7430,9008,7900,8253,9271,8843,
(Action),(Trial),7962,8724,8190,8708,9096,8612,8517,8934,7442,9011,7901,8253,9265,8843,
(Action),(Trial),7962,8726,8189,8707,9095,8608,8518,8930,7433,9009,7898,8252,9268,8843,
(Action),(Trial),7962,8728,8194,8707,9096,8606,8515,8934,7432,9034,7898,8252,9272,8843,
(Action),(Trial),7962,8722,8189,8706,9096,8608,8514,8935,7421,9002,7895,8253,9275,8843,
(Action),(Trial),7962,8731,8192,8706,9096,8609,8518,8937,7435,9011,7898,8252,9267,8843,
(Action),(Trial),7962,8724,8191,8712,9096,8611,8518,8933,7438,9007,7898,8253,9264,8843,
(Action),(Trial),7962,8729,8191,8708,9096,8609,8514,8928,7434,9009,7898,8253,9268,8843,
(Action),(Trial),7962,8732,8191,8707,9096,8610,8518,8928,7437,9009,7898,8253,9267,8843,
(Action),(Trial),7962,8730,8191,8709,9096,8604,8513,8938,7432,9008,7898,8251,9269,8843,
(Action),(Trial),7962,8729,8191,8708,9096,8609,8526,8926,7436,9010,7898,8249,9263,8843,
(Action),(Trial),7962,8732,8192,8705,9096,8604,8512,8922,7436,9009,7898,8253,9283,8843,
(Action),(Trial),7962,8727,8192,8706,9096,8609,8518,8938,7434,9031,7898,8252,9268,8843,
(Action),(Trial),7962,8734,8191,8702,9096,8607,8515,8937,7433,9027,7898,8253,9267,8843,
(Action),(Trial),7962,8724,8195,8707,9096,8608,8516,8930,7434,9029,7898,8253,9266,8843,
(Action),(Trial),7962,8730,8191,8709,9096,8607,8516,8926,7430,9028,7900,8253,9269,8843,
(Action),(Trial),7962,8725,8192,8709,9096,8610,8516,8934,7433,9028,7900,8253,9266,8843,
(Action),(Trial),7962,8727,8192,8709,9096,8605,8516,8936,7430,9029,7901,8253,9269,8843,
(Action),(Trial),7962,8726,8192,8708,9096,8607,8516,8937,7436,9026,7898,8253,9267,8843,
(Action),(Trial),7962,8725,8192,8711,9096,8607,8516,8935,7439,9025,7898,8253,9271,8843,
(Action),(Trial),7962,8728,8192,8708,9096,8605,8516,8937,7429,9006,7898,8253,9272,8843,
(Action),(Trial),7962,8729,8192,8711,9096,8609,8516,8922,7432,9018,7898,8253,9286,8843,
(Action),(Trial),7962,8728,8192,8710,9096,8605,8516,8934,7429,9017,7902,8250,9267,8843,
(Action),(Trial),7962,8725,8192,8706,9096,8609,8516,8937,7428,9008,7898,8250,9266,8843,
(Action),(Trial),7962,8726,8192,8711,9096,8607,8516,8932,7437,9003,7901,8250,9267,8843,
(Action),(Trial),7962,8727,8192,8709,9096,8609,8516,8935,7437,9032,7896,8249,9264,8843,
(Action),(Trial),7962,8730,8192,8708,9094,8607,8516,8937,7439,9026,7901,8254,9284,8843,
(Action),(Trial),7962,8725,8192,8710,9095,8608,8516,8925,7440,9031,7895,8254,9284,8843,
(Action),(Trial),7962,8728,8192,8708,9095,8609,8516,8930,7440,9026,7899,8254,9285,8843,
(Action),(Trial),7962,8726,8192,8705,9095,8605,8516,8924,7437,9032,7900,8253,9274,8843,
(Action),(Trial),7962,8726,8192,8705,9095,8609,8517,8943,7439,9006,7898,8253,9267,8843,
(Action),(Trial),7962,8730,8192,8709,9095,8603,8517,8929,7438,9007,7900,8253,9275,8843,
(Action),(Trial),7962,8726,8192,8705,9095,8609,8518,8937,7435,9005,7899,8253,9263,8843,
(Action),(Trial),7962,8730,8192,8703,9095,8607,8517,8935,7429,9006,7899,8253,9265,8843,
(Action),(Trial),7962,8726,8192,8710,9095,8601,8517,8934,7440,9006,7896,8253,9276,8843,
(Action),(Trial),7962,8730,8192,8711,9095,8608,8517,8933,7428,9006,7901,8253,9274,8843,
(Action),(Trial),7962,8727,8192,8709,9095,8606,8517,8935,7427,9006,7898,8253,9280,8843,
(Action),(Trial),7962,8728,8192,8711,9095,8609,8517,8933,7425,9006,7898,8253,9270,8843,
(Action),(Trial),7962,8728,8192,8710,9095,8606,8517,8934,7434,9006,7898,8253,9263,8843,
(Action),(Trial),7962,8726,8192,8709,9095,8609,8517,8932,7437,9006,7899,8253,9282,8843,
(Action),(Trial),7962,8731,8192,8711,9095,8608,8517,8929,7441,9006,7896,8253,9261,8843,
(Action),(Trial),7962,8729,8192,8707,9095,8606,8518,8941,7438,9006,7897,8253,9270,8843,
(Action),(Trial),7962,8729,8192,8712,9095,8607,8516,8914,7444,9006,7896,8253,9263,8843,
(Action),(Trial),7962,8730,8192,8707,9095,8609,8518,8920,7417,9006,7896,8253,9289,8843,
(Action),(Trial),7962,8725,8193,8707,9095,8606,8515,8919,7436,9006,7896,8253,9261,8843,
(Action),(Trial),7962,8730,8196,8704,9095,8606,8518,8937,7433,9006,7895,8253,9267,8843,
(Action),(Trial),7962,8731,8192,8714,9095,8611,8517,8928,7436,9002,7900,8253,9269,8843,
(Action),(Trial),7962,8727,8192,8710,9095,8607,8517,8917,7437,9029,7896,8253,9266,8843,
(Action),(Trial),7962,8730,8195,8710,9095,8608,8517,8922,7434,9025,7898,8253,9263,8843,
(Action),(Trial),7962,8731,8192,8707,9095,8607,8517,8929,7440,9028,7892,8253,9262,8843,
(Action),(Trial),7962,8727,8192,8706,9093,8607,8518,8927,7435,9028,7889,8253,9264,8843,
(Action),(Trial),7962,8727,8191,8706,9093,8606,8521,8936,7421,9029,7897,8253,9270,8843,
(Action),(Trial),7962,8729,8191,8703,9093,8610,8519,8919,7431,9030,7899,8253,9281,8843,
(Action),(Trial),7962,8720,8191,8707,9093,8607,8516,8935,7436,9013,7887,8254,9261,8845,
(Action),(Trial),7962,8727,8192,8706,9093,8608,8515,8936,7439,9009,7896,8254,9267,8844,
(Action),(Trial),7962,8728,8192,8711,9095,8608,8515,8938,7425,9016,7897,8250,9269,8842,
(Action),(Trial),7962,8726,8192,8708,9092,8606,8516,8927,7433,9037,7899,8251,9264,8843,
(Action),(Trial),7962,8727,8192,8707,9092,8610,8516,8938,7431,9016,7898,8250,9269,8845,
(Action),(Trial),7962,8727,8191,8702,9092,8606,8516,8926,7437,9008,7901,8250,9282,8844,
(Action),(Trial),7962,8728,8191,8709,9092,8607,8516,8930,7430,9001,7895,8250,9263,8837,
(Action),(Trial),7962,8726,8192,8707,9092,8603,8516,8939,7433,9003,7899,8253,9267,8823,
(Action),(Trial),7962,8727,8192,8702,9092,8607,8516,8922,7431,9001,7897,8253,9282,8826,
(Action),(Trial),7962,8725,8192,8704,9092,8607,8516,8930,7440,9019,7898,8253,9269,8833,
(Action),(Trial),7962,8725,8192,8709,9092,8608,8517,8928,7429,9031,7898,8253,9265,8849,
(Action),(Trial),7962,8724,8192,8706,9092,8607,8520,8918,7436,9018,7898,8253,9276,8845,
(Action),(Trial),7962,8728,8192,8707,9092,8601,8519,8918,7437,9005,7898,8253,9265,8844,
(Action),(Trial),7962,8724,8192,8705,9092,8607,8519,8942,7428,9012,7898,8253,9275,8843,
(Action),(Trial),7962,8726,8192,8710,9092,8606,8520,8934,7429,9012,7898,8253,9270,8843,
(Action),(Trial),7962,8729,8192,8713,9092,8608,8520,8922,7442,9012,7900,8253,9278,8843,
(Action),(Trial),7962,8726,8192,8699,9092,8608,8514,8937,7419,9012,7897,8253,9268,8843,
(Action),(Trial),7962,8725,8192,8706,9092,8606,8512,8935,7448,9012,7900,8253,9278,8844,
(Action),(Trial),7962,8728,8192,8709,9092,8609,8520,8935,7423,9011,7898,8254,9261,8841,
(Action),(Trial),7962,8724,8192,8707,9092,8603,8517,8937,7431,9013,7899,8250,9280,8843,
(Action),(Trial),7962,8730,8192,8704,9092,8608,8518,8939,7431,9011,7898,8256,9263,8841,
(Action),(Trial),7962,8724,8191,8710,9092,8606,8517,8928,7429,9032,7902,8252,9273,8842,
(Action),(Trial),7962,8724,8192,8702,9092,8604,8517,8940,7433,9026,7901,8253,9266,8841,
(Action),(Trial),7962,8726,8192,8710,9092,8607,8515,8925,7434,9029,7901,8253,9269,8843,
(Action),(Trial),7962,8731,8192,8702,9092,8607,8520,8930,7432,9030,7898,8253,9286,8841,
(Action),(Trial),7962,8727,8192,8709,9092,8609,8526,8926,7438,9028,7900,8253,9267,8844,
(Action),(Trial),7962,8727,8191,8706,9092,8603,8512,8927,7438,9020,7900,8253,9283,8843,
(Action),(Trial),7962,8726,8192,8708,9092,8608,8515,8921,7429,9003,7900,8253,9260,8843,
(Action),(Trial),7962,8723,8192,8706,9092,8608,8513,8917,7435,9005,7896,8253,9275,8843,
(Action),(Trial),7962,8730,8192,8708,9092,8605,8518,8938,7424,9008,7901,8253,9268,8843,
(Action),(Trial),7962,8725,8192,8703,9092,8607,8515,8936,7433,9006,7897,8253,9280,8843,
(Action),(Trial),7962,8727,8192,8710,9092,8605,8514,8918,7430,9006,7900,8254,9270,8844,
(Action),(Trial),7962,8727,8192,8707,9092,8609,8515,8937,7438,9006,7896,8251,9267,8839,
(Action),(Trial),7962,8728,8191,8700,9092,8607,8517,8932,7434,9006,7899,8250,9278,8843,
(Action),(Trial),7962,8725,8194,8711,9092,8607,8517,8935,7434,9004,7896,8249,9265,8841,
(Action),(Trial),7962,8728,8190,8703,9092,8602,8518,8934,7429,9007,7900,8249,9271,8842,
(Action),(Trial),7962,8723,8192,8704,9092,8606,8517,8933,7432,9010,7898,8254,9269,8841,
(Action),(Trial),7962,8728,8190,8708,9092,8608,8517,8939,7423,9034,7901,8254,9288,8842,
(Action),(Trial),7962,8726,8191,8709,9092,8605,8517,8925,7437,9029,7895,8254,9279,8846,
(Action),(Trial),7962,8727,8192,8712,9092,8606,8517,8941,7439,9030,7901,8251,9263,8845,
(Action),(Trial),7962,8725,8191,8711,9092,8607,8517,8923,7437,9028,7898,8251,9267,8845,
(Action),(Trial),7962,8725,8191,8706,9092,8608,8517,8928,7431,9028,7898,8251,9278,8845,
(Action),(Trial),7962,8730,8191,8709,9092,8608,8517,8926,7435,9029,7899,8251,9279,8846,
(Action),(Trial),7962,8726,8192,8708,9092,8607,8517,8927,7436,9026,7900,8252,9273,8845,
(Action),(Trial),7962,8726,8191,8708,9092,8603,8516,8940,7427,9028,7899,8252,9274,8847,
(Action),(Trial),7962,8728,8193,8705,9092,8607,8516,8933,7432,9006,7902,8251,9280,8841,
(Action),(Trial),7962,8730,8192,8712,9092,8607,8516,8936,7425,9009,7899,8252,9265,8841,
(Action),(Trial),7962,8728,8192,8709,9092,8607,8515,8937,7443,9009,7898,8252,9276,8841,
(Action),(Trial),7962,8726,8192,8702,9092,8607,8515,8937,7433,9005,7898,8253,9279,8841,
(Action),(Trial),7962,8726,8192,8702,9092,8605,8515,8937,7430,9009,7898,8253,9275,8841,
(Action),(Trial),7962,8728,8192,8710,9092,8606,8515,8937,7434,9008,7898,8253,9266,8841,
(Action),(Trial),7962,8725,8192,8703,9092,8606,8515,8937,7435,9027,7898,8253,9265,8841,
(Action),(Trial),7962,8728,8191,8710,9092,8608,8515,8939,7436,9022,7899,8253,9265,8841,
(Action),(Trial),7962,8726,8191,8704,9092,8608,8515,8931,7431,9008,7898,8253,9266,8841,
(Action),(Trial),7962,8727,8191,8709,9092,8608,8516,8939,7432,9002,7898,8253,9269,8841,
(Action),(Trial),7962,8725,8191,8706,9092,8606,8516,8935,7435,9004,7900,8253,9270,8841,
(Action),(Trial),7962,8726,8191,8710,9092,8607,8515,8940,7434,9003,7897,8253,9280,8841,
(Action),(Trial),7962,8727,8191,8708,9092,8608,8514,8917,7427,9002,7899,8253,9276,8841,
(Action),(Trial),7962,8727,8191,8712,9092,8608,8517,8940,7435,9001,7898,8253,9273,8841,
(Action),(Trial),7962,8728,8191,8703,9091,8608,8517,8925,7433,9018,7900,8253,9267,8841,
(Action),(Trial),7962,8727,8191,8709,9092,8608,8518,8940,7438,9030,7899,8253,9280,8841,
(Action),(Trial),7962,8726,8191,8709,9093,8607,8517,8936,7432,9029,7899,8253,9266,8841,
(Action),(Trial),7962,8727,8191,8710,9100,8608,8517,8937,7438,9028,7901,8253,9273,8841,
(Action),(Trial),7962,8728,8191,8707,9094,8605,8518,8933,7442,9028,7898,8253,9266,8841,
(Action),(Trial),7962,8728,8191,8712,9096,8604,8516,8915,7426,9028,7900,8253,9275,8841,
(Action),(Trial),7962,8728,8191,8710,9094,8608,8517,8917,7446,9028,7896,8253,9278,8841,
(Action),(Trial),7962,8725,8191,8706,9095,8605,8515,8930,7422,9026,7900,8253,9269,8841,
(Action),(Trial),7962,8727,8191,8708,9094,8609,8515,8938,7437,9031,7900,8253,9277,8841,
(Action),(Trial),7962,8727,8191,8708,9094,8603,8515,8937,7434,9006,7901,8253,9262,8841,
(Action),(Trial),7962,8727,8191,8705,9094,8608,8515,8936,7440,9035,7901,8253,9277,8841,
(Action),(Trial),7962,8730,8191,8703,9094,8608,8515,8938,7433,9017,7898,8253,9289,8841,
(Action),(Trial),7962,8726,8191,8704,9094,8607,8515,8924,7429,9009,7896,8253,9256,8841,
(Action),(Trial),7962,8726,8191,8705,9094,8608,8515,8933,7428,9005,7900,8253,9290,8841,
(Action),(Trial),7962,8724,8191,8710,9094,8601,8515,8921,7437,9009,7899,8253,9274,8841,
(Action),(Trial),7962,8729,8191,8711,9094,8607,8515,8931,7424,9008,7896,8253,9276,8841,
(Action),(Trial),7962,8728,8191,8704,9094,8607,8515,8935,7441,9007,7898,8253,9274,8841,
(Action),(Trial),7962,8726,8191,8710,9094,8607,8515,8936,7430,9006,7902,8253,9266,8841,
(Action),(Trial),7962,8731,8191,8708,9094,8608,8515,8936,7438,9007,7899,8253,9265,8841,
(Action),(Trial),7962,8724,8191,8712,9094,8609,8515,8930,7432,9017,7898,8253,9265,8841,
(Action),(Trial),7962,8728,8191,8711,9094,8603,8516,8937,7425,9033,7898,8253,9276,8841,
(Action),(Trial),7962,8724,8191,8709,9094,8606,8519,8935,7435,9006,7898,8253,9288,8841,
(Action),(Trial),7962,8725,8191,8701,9094,8604,8519,8937,7441,9009,7901,8253,9272,8841,
(Action),(Trial),7962,8727,8191,8710,9094,8608,8517,8936,7429,9018,7898,8250,9265,8841,
(Action),(Trial),7962,8726,8191,8712,9094,8606,8514,8937,7436,9012,7899,8250,9267,8841,
(Action),(Trial),7962,8730,8192,8704,9094,8606,8519,8932,7426,9008,7902,8253,9264,8841,
(Action),(Trial),7962,8726,8190,8707,9094,8611,8517,8939,7426,9002,7902,8253,9287,8841,
(Action),(Trial),7962,8728,8194,8712,9094,8606,8519,8937,7438,9032,7900,8253,9259,8841,
(Action),(Trial),7962,8727,8192,8709,9094,8609,8516,8925,7436,9029,7900,8249,9283,8841,
(Action),(Trial),7962,8728,8192,8708,9094,8608,8516,8932,7435,9035,7896,8249,9266,8841,
(Action),(Trial),7962,8727,8192,8709,9094,8606,8515,8934,7430,9012,7901,8250,9287,8841,
(Action),(Trial),7962,8726,8192,8710,9094,8606,8516,8930,7428,9009,7898,8254,9265,8841,
(Action),(Trial),7962,8726,8192,8712,9094,8607,8515,8937,7438,9000,7898,8252,9268,8841,
(Action),(Trial),7962,8726,8192,8706,9094,8604,8518,8934,7436,9004,7899,8253,9282,8841,
(Action),(Trial),7962,8724,8192,8707,9094,8607,8517,8931,7440,9003,7900,8251,9258,8845,
(Action),(Trial),7962,8730,8192,8709,9094,8608,8518,8932,7438,9003,7899,8251,9272,8843,
(Action),(Trial),7962,8728,8192,8708,9094,8606,8517,8932,7426,9003,7898,8253,9275,8843,
(Action),(Trial),7962,8725,8192,8707,9094,8603,8517,8935,7432,9003,7898,8252,9276,8843,
(Action),(Trial),7962,8729,8192,8707,9094,8601,8518,8938,7435,9003,7899,8254,9273,8843,
(Action),(Trial),7962,8726,8192,8712,9094,8607,8518,8936,7433,9003,7901,8250,9274,8843,
(Action),(Trial),7962,8727,8192,8709,9094,8605,8515,8938,7426,9003,7898,8252,9260,8843,
(Action),(Trial),7962,8723,8192,8707,9094,8608,8520,8939,7442,9000,7895,8251,9268,8843,
(Action),(Trial),7962,8724,8192,8704,9095,8609,8513,8935,7435,9029,7898,8253,9268,8843,
(Action),(Trial),7962,8728,8192,8704,9094,8607,8516,8933,7441,9027,7898,8253,9269,8843,
(Action),(Trial),7962,8725,8192,8708,9099,8607,8515,8933,7433,9029,7904,8251,9280,8844,
(Action),(Trial),7962,8728,8192,8707,9096,8607,8516,8933,7431,9028,7900,8252,9284,8843,
(Action),(Trial),7962,8725,8192,8711,9097,8609,8515,8926,7431,9028,7899,8253,9282,8845,
(Action),(Trial),7962,8727,8192,8707,9096,8605,8515,8936,7438,9029,7897,8253,9273,8845,
(Action),(Trial),7962,8728,8192,8715,9096,8609,8515,8915,7433,9029,7897,8253,9266,8841,
(Action),(Trial),7962,8721,8192,8708,9095,8607,8515,8942,7440,9018,7903,8252,9268,8843,
(Action),(Trial),7962,8728,8192,8710,9094,8604,8515,8935,7432,9008,7902,8250,9266,8841,
(Action),(Trial),7962,8727,8192,8709,9095,8609,8520,8935,7442,9006,7900,8250,9265,8841,
(Action),(Trial),7962,8726,8192,8708,9094,8607,8518,8923,7435,9008,7899,8250,9266,8846,
(Action),(Trial),7962,8731,8192,8705,9094,8607,8519,8935,7434,9010,7898,8250,9279,8842,
(Action),(Trial),7962,8723,8192,8714,9094,8607,8520,8932,7432,9009,7895,8250,9272,8844,
(Action),(Trial),7962,8729,8192,8708,9094,8604,8514,8936,7436,9009,7901,8250,9275,8844,
(Action),(Trial),7962,8723,8192,8712,9094,8610,8518,8931,7439,9009,7900,8250,9261,8842,
(Action),(Trial),7962,8728,8192,8705,9094,8607,8517,8937,7435,9009,7901,8252,9281,8844,
(Action),(Trial),7962,8729,8192,8709,9094,8604,8518,8937,7440,9009,7901,8253,9264,8843,
(Action),(Trial),7962,8727,8192,8711,9094,8607,8517,8933,7434,9007,7899,8255,9269,8843,
(Action),(Trial),7962,8731,8192,8708,9094,8600,8517,8938,7438,9026,7899,8255,9265,8843,
(Action),(Trial),7962,8725,8192,8709,9094,8610,8513,8927,7433,9034,7900,8255,9281,8843,
(Action),(Trial),7962,8725,8192,8705,9094,8608,8515,8923,7432,9009,7900,8253,9276,8843,
(Action),(Trial),7962,8726,8192,8713,9094,8604,8516,8938,7432,9009,7900,8251,9272,8844,
(Action),(Trial),7962,8725,8192,8704,9094,8608,8522,8935,7440,9006,7896,8251,9264,8844,
(Action),(Trial),7962,8725,8192,8714,9094,8605,8516,8926,7429,9007,7898,8251,9283,8844,
(Action),(Trial),7962,8727,8192,8706,9094,8608,8512,8927,7444,9029,7899,8251,9262,8841,
(Action),(Trial),7962,8730,8192,8710,9094,8609,8519,8938,7438,9028,7900,8251,9268,8844,
(Action),(Trial),7962,8728,8192,8711,9094,8602,8518,8935,7439,9027,7898,8251,9278,8848,
(Action),(Trial),7962,8724,8192,8703,9094,8605,8519,8935,7440,9025,7891,8251,9273,8840,
(Action),(Trial),7962,8726,8192,8713,9094,8606,8518,8936,7424,9026,7900,8251,9269,8844,
(Action),(Trial),7962,8728,8192,8709,9094,8603,8518,8933,7437,9027,7898,8251,9267,8843,
(Action),(Trial),7962,8723,8192,8711,9094,8608,8518,8936,7441,9028,7898,8251,9273,8843,
(Action),(Trial),7962,8727,8192,8710,9094,8606,8518,8937,7434,9011,7899,8251,9275,8843,
(Action),(Trial),7962,8728,8192,8705,9094,8606,8518,8934,7429,9006,7901,8251,9282,8843,
(Action),(Trial),7962,8727,8192,8703,9094,8604,8518,8928,7438,9007,7896,8251,9260,8847,
(Action),(Trial),7962,8729,8192,8704,9094,8600,8518,8938,7436,9006,7901,8251,9268,8842,
(Action),(Trial),7962,8727,8192,8706,9094,8609,8518,8931,7437,9005,7898,8251,9285,8844,
(Action),(Trial),7962,8728,8192,8707,9094,8607,8518,8934,7436,9007,7898,8251,9256,8841,
(Action),(Trial),7961,8729,8192,8711,9094,8607,8518,8933,7440,9005,7898,8251,9269,8842,
(Action),(Trial),7958,8730,8192,8703,9094,8608,8519,8932,7432,9033,7898,8251,9267,8843,
(Action),(Trial),7959,8727,8192,8708,9094,8607,8516,8926,7431,9029,7898,8251,9269,8843,
(Action),(Trial),7961,8726,8192,8706,9094,8604,8516,8932,7444,9001,7898,8250,9268,8843,
(Action),(Trial),7961,8727,8192,8704,9094,8609,8515,8935,7426,9010,7899,8256,9272,8843,
(Action),(Trial),7960,8725,8192,8706,9094,8605,8517,8933,7430,9006,7901,8250,9264,8843,
(Action),(Trial),7960,8726,8192,8708,9094,8608,8518,8936,7442,9006,7898,8254,9272,8843,
(Action),(Trial),7960,8726,8192,8704,9094,8602,8513,8937,7435,9006,7902,8253,9274,8843,
(Action),(Trial),7960,8727,8192,8705,9094,8606,8516,8935,7425,9006,7899,8253,9294,8843,
(Action),(Trial),7960,8728,8192,8713,9094,8608,8516,8935,7433,9006,7901,8253,9276,8843,
(Action),(Trial),7960,8725,8192,8709,9094,8610,8516,8936,7435,9004,7900,8253,9269,8843,
(Action),(Trial),7960,8728,8192,8713,9094,8607,8516,8935,7430,9007,7897,8253,9267,8843,
(Action),(Trial),7960,8729,8192,8706,9098,8605,8518,8936,7439,9009,7899,8251,9262,8843,
(Action),(Trial),7960,8725,8192,8709,9098,8607,8517,8935,7439,9033,7899,8251,9282,8843,
(Action),(Trial),7960,8730,8192,8706,9099,8605,8517,8930,7436,9028,7901,8251,9276,8843,
(Action),(Trial),7960,8725,8192,8707,9098,8603,8516,8924,7437,9008,7900,8251,9281,8843,
(Action),(Trial),7960,8729,8192,8713,9098,8608,8516,8938,7433,9011,7900,8253,9288,8843,
(Action),(Trial),7960,8725,8192,8705,9098,8606,8516,8931,7439,9007,7895,8253,9273,8843,
(Action),(Trial),7960,8727,8192,8709,9099,8604,8516,8934,7439,9007,7899,8253,9262,8843,
(Action),(Trial),7960,8726,8192,8708,9099,8607,8515,8933,7428,9007,7904,8253,9282,8843,
(Action),(Trial),7960,8728,8192,8709,9096,8607,8515,8934,7443,9031,7902,8253,9280,8843,
(Action),(Trial),7960,8729,8192,8711,9097,8604,8514,8934,7423,9028,7895,8253,9271,8843,
(Action),(Trial),7960,8721,8192,8710,9094,8607,8515,8934,7443,9033,7899,8253,9273,8843,
(Action),(Trial),7960,8731,8192,8711,9094,8605,8516,8934,7431,9032,7899,8253,9272,8843,
(Action),(Trial),7960,8724,8192,8706,9096,8607,8515,8933,7430,9031,7898,8253,9276,8843,
(Action),(Trial),7960,8726,8192,8707,9097,8608,8515,8936,7428,9027,7899,8253,9278,8843,
(Action),(Trial),7960,8727,8192,8712,9096,8605,8515,8936,7435,9003,7899,8253,9260,8843,
(Action),(Trial),7960,8727,8192,8709,9096,8607,8515,8937,7438,9009,7902,8253,9290,8843,
(Action),(Trial),7960,8728,8192,8708,9096,8608,8515,8939,7430,9006,7898,8253,9270,8843,
(Action),(Trial),7960,8729,8192,8710,9096,8608,8515,8929,7441,9010,7901,8253,9271,8843,
(Action),(Trial),7960,8729,8192,8710,9097,8605,8515,8930,7432,9009,7897,8253,9264,8843,
(Action),(Trial),7960,8729,8192,8707,9096,8607,8515,8921,7435,9035,7898,8253,9284,8843,
(Action),(Trial),7960,8725,8192,8708,9097,8607,8515,8939,7432,9025,7898,8253,9258,8843,
(Action),(Trial),7960,8726,8192,8706,9093,8607,8515,8927,7438,9028,7898,8252,9283,8843,
(Action),(Trial),7960,8727,8192,8707,9097,8607,8515,8926,7432,9026,7898,8250,9277,8843,
(Action),(Trial),7960,8727,8192,8709,9097,8605,8515,8938,7442,9018,7898,8250,9278,8843,
(Action),(Trial),7960,8727,8192,8709,9094,8609,8515,8927,7429,9006,7898,8250,9265,8843,
(Action),(Trial),7960,8730,8192,8710,9096,8601,8516,8935,7442,9029,7899,8250,9270,8843,
(Action),(Trial),7960,8728,8192,8712,9096,8606,8515,8919,7437,9030,7899,8250,9273,8843,
(Action),(Trial),7960,8730,8193,8708,9096,8607,8516,8928,7433,9030,7900,8250,9277,8843,
(Action),(Trial),7960,8723,8192,8710,9096,8603,8515,8936,7440,9035,7898,8250,9271,8843,
(Action),(Trial),7960,8729,8194,8710,9096,8601,8522,8933,7430,9004,7898,8250,9267,8843,
(Action),(Trial),7960,8729,8194,8706,9097,8601,8516,8938,7440,9008,7898,8250,9268,8843,
(Action),(Trial),7960,8728,8194,8708,9096,8605,8516,8931,7430,9001,7902,8250,9277,8843,
(Action),(Trial),7960,8730,8194,8705,9096,8603,8516,8922,7439,9009,7902,8250,9267,8843,
(Action),(Trial),7960,8726,8194,8705,9095,8609,8516,8918,7437,9032,7902,8250,9263,8843,
(Action),(Trial),7960,8730,8195,8710,9097,8608,8515,8925,7439,9028,7900,8250,9278,8843,
(Action),(Trial),7960,8727,8189,8705,9096,8609,8515,8930,7435,9028,7900,8250,9277,8844,
(Action),(Trial),7960,8728,8194,8713,9096,8607,8515,8940,7433,9028,7899,8250,9280,8843,
(Action),(Trial),7960,8727,8188,8707,9096,8607,8515,8918,7434,9028,7903,8250,9272,8846,
(Action),(Trial),7960,8726,8192,8713,9096,8607,8515,8940,7430,9028,7894,8249,9266,8842,
(Action),(Trial),7960,8733,8191,8708,9096,8607,8515,8929,7442,9028,7899,8256,9264,8843,
(Action),(Trial),7960,8727,8192,8712,9097,8605,8515,8932,7439,9027,7890,8249,9267,8841,
(Action),(Trial),7960,8730,8192,8710,9095,8608,8515,8934,7426,9031,7901,8250,9261,8823,
(Action),(Trial),7960,8729,8192,8706,9095,8604,8515,8929,7442,9006,7895,8250,9269,8828,
(Action),(Trial),7960,8731,8192,8707,9095,8608,8515,8921,7430,9010,7898,8250,9274,8825,
(Action),(Trial),7960,8727,8192,8707,9095,8608,8515,8938,7434,9007,7898,8250,9292,8828,
(Action),(Trial),7960,8728,8192,8708,9095,8607,8515,8929,7427,9008,7899,8250,9279,8828,
(Action),(Trial),7960,8725,8192,8713,9095,8607,8515,8938,7430,9009,7902,8250,9267,8828,
(Action),(Trial),7960,8729,8192,8709,9095,8605,8515,8922,7437,9008,7899,8252,9268,8828,
(Action),(Trial),7960,8724,8192,8711,9095,8609,8515,8937,7438,9010,7899,8252,9265,8828,
(Action),(Trial),7960,8727,8192,8708,9095,8605,8515,8937,7433,9012,7900,8253,9266,8828,
(Action),(Trial),7960,8730,8192,8709,9095,8606,8515,8921,7433,9038,7901,8250,9265,8828,
(Action),(Trial),7960,8724,8192,8704,9095,8607,8515,8924,7431,9009,7901,8253,9279,8828,
(Action),(Trial),7960,8730,8192,8706,9095,8607,8515,8939,7428,9009,7898,8253,9289,8828,
(Action),(Trial),7960,8720,8191,8710,9095,8608,8515,8929,7428,9007,7905,8253,9294,8828,
(Action),(Trial),7960,8726,8190,8707,9095,8602,8518,8938,7432,9010,7900,8253,9291,8828,
(Action),(Trial),7960,8725,8192,8708,9095,8608,8517,8929,7433,9009,7906,8253,9291,8825,
(Action),(Trial),7960,8729,8192,8710,9095,8605,8515,8931,7438,9009,7899,8253,9285,8849,
(Action),(Trial),7960,8720,8191,8704,9095,8603,8516,8934,7442,9009,7900,8253,9262,8846,
(Action),(Trial),7960,8724,8190,8710,9095,8609,8516,8936,7428,9009,7899,8253,9266,8849,
(Action),(Trial),7960,8730,8190,8708,9095,8608,8516,8935,7433,9009,7901,8253,9269,8841,
(Action),(Trial),7960,8725,8191,8712,9095,8610,8517,8935,7433,9009,7895,8253,9273,8841,
(Action),(Trial),7960,8730,8191,8709,9095,8606,8517,8937,7425,9009,7898,8253,9283,8842,
(Action),(Trial),7960,8720,8191,8702,9095,8603,8518,8937,7430,9009,7900,8253,9272,8841,
(Action),(Trial),7960,8725,8191,8716,9095,8607,8517,8937,7439,9008,7899,8253,9272,8842,
(Action),(Trial),7960,8727,8191,8706,9095,8608,8517,8937,7430,9008,7900,8253,9282,8842,
(Action),(Trial),7960,8727,8191,8707,9095,8607,8517,8939,7440,9024,7901,8253,9275,8842,
(Action),(Trial),7960,8728,8191,8707,9095,8608,8517,8931,7438,9011,7898,8252,9279,8842,
(Action),(Trial),7960,8724,8190,8709,9095,8606,8517,8938,7436,9010,7899,8247,9274,8842,
(Action),(Trial),7960,8726,8191,8714,9095,8604,8517,8935,7436,9014,7898,8247,9282,8842,
(Action),(Trial),7960,8726,8190,8712,9095,8609,8517,8935,7428,9036,7898,8247,9291,8842,
(Action),(Trial),7960,8727,8192,8708,9095,8605,8517,8936,7436,9008,7901,8247,9270,8842,
(Action),(Trial),7960,8725,8191,8703,9095,8609,8517,8935,7432,9013,7898,8247,9270,8841,
(Action),(Trial),7960,8728,8192,8698,9095,8606,8517,8937,7433,9003,7903,8251,9278,8842,
(Action),(Trial),7960,8725,8192,8715,9095,8606,8518,8935,7435,9035,7900,8256,9292,8841,
(Action),(Trial),7960,8730,8191,8713,9095,8605,8515,8936,7439,8997,7904,8256,9289,8847,
(Action),(Trial),7960,8719,8193,8711,9095,8608,8519,8936,7431,9034,7905,8255,9292,8847,
(Action),(Trial),7960,8724,8193,8705,9095,8605,8515,8935,7432,9023,7903,8255,9284,8847,
(Action),(Trial),7960,8718,8193,8713,9097,8602,8518,8936,7436,9007,7903,8255,9278,8848,
(Action),(Trial),7960,8723,8192,8699,9096,8603,8514,8935,7428,9008,7902,8255,9281,8850,
(Action),(Trial),7960,8717,8192,8713,9096,8604,8520,8939,7443,9008,7899,8255,9270,8851,
(Action),(Trial),7960,8721,8192,8703,9096,8609,8514,8936,7439,9014,7896,8255,9281,8851,
(Action),(Trial),7960,8728,8192,8713,9096,8608,8518,8937,7436,9032,7900,8255,9278,8846,
(Action),(Trial),7960,8726,8192,8703,9096,8606,8517,8937,7433,9031,7900,8255,9280,8841,
(Action),(Trial),7960,8731,8192,8709,9096,8606,8522,8935,7425,9029,7901,8255,9273,8841,
(Action),(Trial),7960,8731,8192,8709,9097,8606,8519,8937,7436,9030,7899,8255,9265,8841,
(Action),(Trial),7960,8725,8192,8706,9096,8607,8518,8935,7435,9029,7896,8256,9279,8841,
(Action),(Trial),7960,8728,8192,8709,9096,8607,8514,8936,7438,9029,7901,8251,9278,8841,
(Action),(Trial),7960,8725,8192,8713,9094,8608,8518,8935,7435,9030,7905,8253,9273,8841,
(Action),(Trial),7960,8729,8192,8703,9096,8596,8517,8935,7437,9028,7895,8253,9265,8841,
(Action),(Trial),7960,8726,8192,8710,9096,8610,8517,8935,7440,9028,7899,8253,9271,8841,
(Action),(Trial),7960,8728,8192,8709,9096,8613,8518,8935,7433,9028,7900,8252,9273,8841,
(Action),(Trial),7960,8727,8192,8706,9096,8611,8514,8935,7433,9028,7898,8253,9276,8846,
(Action),(Trial),7960,8724,8192,8709,9096,8606,8514,8935,7423,9028,7899,8252,9274,8843,
(Action),(Trial),7960,8728,8192,8713,9096,8607,8514,8936,7432,9028,7900,8252,9271,8844,
(Action),(Trial),7960,8725,8192,8707,9096,8607,8514,8935,7441,9028,7898,8249,9273,8844,
(Action),(Trial),7960,8724,8192,8706,9096,8613,8518,8936,7428,9029,7898,8252,9263,8844,
(Action),(Trial),7960,8726,8192,8710,9096,8605,8517,8932,7442,9028,7899,8253,9294,8844,
(Action),(Trial),7960,8727,8192,8706,9096,8608,8517,8937,7435,9020,7899,8253,9278,8843,
(Action),(Trial),7960,8728,8192,8705,9096,8607,8517,8935,7430,9012,7902,8253,9279,8844,
(Action),(Trial),7960,8724,8192,8712,9096,8606,8517,8931,7426,9033,7896,8253,9270,8845,
(Action),(Trial),7960,8725,8192,8704,9096,8609,8517,8937,7434,9028,7904,8251,9282,8848,
(Action),(Trial),7960,8721,8192,8712,9096,8605,8516,8935,7436,9033,7897,8250,9270,8841,
(Action),(Trial),7960,8729,8192,8709,9096,8609,8523,8938,7438,9010,7898,8250,9268,8850,
(Action),(Trial),7960,8720,8192,8711,9096,8610,8524,8938,7434,9004,7899,8250,9267,8846,
(Action),(Trial),7960,8729,8192,8704,9096,8607,8526,8926,7430,9006,7904,8250,9265,8841,
(Action),(Trial),7960,8732,8192,8715,9096,8604,8515,8928,7437,9002,7900,8250,9269,8843,
(Action),(Trial),7960,8728,8192,8712,9096,8609,8514,8937,7444,9033,7900,8250,9268,8843,
(Action),(Trial),7960,8729,8192,8713,9096,8606,8516,8936,7432,9027,7900,8250,9275,8843,
(Action),(Trial),7960,8728,8192,8706,9096,8605,8516,8936,7428,9034,7901,8250,9289,8843,
(Action),(Trial),7960,8728,8192,8706,9096,8609,8516,8938,7429,9028,7898,8251,9274,8842,
(Action),(Trial),7960,8723,8191,8706,9096,8607,8516,8937,7434,9028,7900,8253,9279,8846,
(Action),(Trial),7960,8724,8193,8709,9096,8602,8516,8937,7430,9003,7898,8236,9271,8848,
(Action),(Trial),7960,8719,8191,8708,9096,8608,8518,8937,7439,9002,7904,8247,9278,8849,
(Action),(Trial),7960,8723,8193,8715,9096,8609,8517,8937,7432,9033,7898,8247,9266,8849,
(Action),(Trial),7960,8728,8192,8709,9096,8601,8517,8937,7441,9026,7893,8253,9265,8844,
(Action),(Trial),7960,8722,8192,8713,9096,8608,8517,8940,7434,9031,7898,8256,9282,8844,
(Action),(Trial),7960,8735,8192,8709,9096,8607,8517,8924,7430,9028,7900,8252,9259,8840,
(Action),(Trial),7960,8725,8192,8709,9096,8607,8517,8940,7436,9028,7899,8250,9281,8843,
(Action),(Trial),7960,8733,8192,8707,9096,8610,8517,8934,7421,9031,7898,8251,9265,8843,
(Action),(Trial),7960,8727,8192,8710,9096,8607,8517,8935,7432,9006,7900,8251,9281,8843,
(Action),(Trial),7960,8725,8192,8709,9096,8609,8518,8938,7442,9029,7909,8251,9278,8843,
(Action),(Trial),7960,8726,8192,8707,9096,8607,8514,8936,7425,9027,7897,8251,9271,8843,
(Action),(Trial),7960,8726,8191,8708,9097,8610,8516,8932,7437,9033,7906,8251,9270,8843,
(Action),(Trial),7960,8727,8190,8708,9097,8606,8517,8936,7421,9031,7903,8251,9263,8843,
(Action),(Trial),7960,8726,8189,8711,9094,8609,8518,8935,7445,9031,7905,8251,9270,8843,
(Action),(Trial),7960,8729,8192,8708,9096,8608,8515,8937,7433,9031,7905,8251,9273,8843,
(Action),(Trial),7960,8726,8191,8708,9096,8607,8514,8932,7437,9031,7905,8251,9290,8843,
(Action),(Trial),7960,8731,8191,8705,9096,8603,8517,8936,7431,9031,7906,8251,9273,8843,
(Action),(Trial),7960,8727,8191,8707,9096,8608,8514,8937,7441,9031,7905,8251,9286,8843,
(Action),(Trial),7960,8728,8191,8714,9096,8607,8520,8937,7432,9032,7898,8251,9261,8843,
(Action),(Trial),7960,8728,8191,8709,9096,8605,8515,8937,7432,9033,7885,8251,9266,8843,
(Action),(Trial),7960,8727,8191,8712,9096,8608,8518,8937,7425,9017,7900,8251,9282,8843,
(Action),(Trial),7960,8726,8192,8706,9096,8607,8517,8937,7432,9015,7899,8251,9261,8843,
(Action),(Trial),7960,8728,8191,8709,9096,8611,8515,8937,7431,9016,7900,8251,9271,8843,
(Action),(Trial),7960,8729,8192,8709,9096,8609,8518,8937,7432,9016,7901,8251,9273,8843,
(Action),(Trial),7960,8727,8192,8712,9097,8610,8518,8937,7436,9018,7895,8251,9281,8843,
(Action),(Trial),7960,8732,8192,8712,9095,8603,8512,8937,7438,9018,7902,8251,9263,8843,
(Action),(Trial),7960,8727,8192,8715,9094,8614,8518,8937,7430,9017,7894,8251,9270,8843,
(Action),(Trial),7960,8729,8192,8706,9094,8605,8517,8937,7442,9031,7902,8251,9279,8843,
(Action),(Trial),7960,8728,8192,8709,9094,8608,8518,8937,7431,9026,7899,8255,9267,8843,
(Action),(Trial),7960,8727,8192,8712,9094,8607,8517,8936,7440,9001,7900,8251,9279,8843,
(Action),(Trial),7960,8726,8192,8710,9094,8608,8517,8938,7438,9023,7897,8250,9273,8843,
(Action),(Trial),7960,8733,8192,8712,9094,8607,8518,8932,7424,9033,7896,8250,9278,8843,
(Action),(Trial),7960,8731,8192,8708,9094,8610,8518,8939,7442,9010,7896,8250,9269,8843,
(Action),(Trial),7960,8729,8192,8712,9094,8607,8516,8935,7434,9008,7901,8250,9266,8843,
(Action),(Trial),7960,8728,8192,8708,9094,8608,8514,8939,7440,9005,7900,8250,9265,8843,
(Action),(Trial),7960,8727,8192,8708,9094,8607,8514,8931,7436,9006,7897,8252,9279,8843,
(Action),(Trial),7960,8730,8192,8714,9094,8600,8517,8939,7437,9006,7898,8253,9262,8844,
(Action),(Trial),7960,8729,8192,8711,9094,8614,8514,8920,7436,9020,7898,8253,9266,8841,
(Action),(Trial),7960,8730,8192,8707,9094,8605,8516,8934,7436,9035,7904,8253,9284,8842,
(Action),(Trial),7960,8728,8192,8712,9094,8609,8518,8936,7437,9035,7898,8253,9272,8841,
(Action),(Trial),7960,8730,8192,8708,9094,8608,8520,8935,7434,9024,7896,8253,9281,8842,
(Action),(Trial),7960,8725,8192,8710,9094,8611,8519,8936,7428,9005,7898,8253,9264,8842,
(Action),(Trial),7960,8729,8192,8706,9094,8609,8520,8932,7439,9007,7900,8253,9269,8841,
(Action),(Trial),7960,8727,8192,8709,9094,8608,8511,8934,7432,9008,7895,8253,9267,8842,
(Action),(Trial),7960,8727,8192,8702,9094,8606,8515,8933,7434,9005,7899,8253,9273,8842,
(Action),(Trial),7960,8728,8192,8714,9094,8606,8519,8923,7444,9030,7898,8253,9275,8847,
(Action),(Trial),7960,8728,8192,8711,9094,8608,8520,8939,7427,9028,7899,8253,9292,8845,
(Action),(Trial),7960,8728,8192,8701,9094,8605,8519,8935,7434,9028,7898,8253,9274,8845,
(Action),(Trial),7960,8727,8192,8709,9095,8610,8520,8923,7436,9027,7899,8253,9282,8844,
(Action),(Trial),7960,8728,8192,8709,9094,8608,8520,8938,7441,9012,7897,8253,9272,8841,
(Action),(Trial),7960,8726,8192,8711,9099,8607,8520,8931,7437,9033,7891,8253,9275,8841,
(Action),(Trial),7960,8728,8192,8709,9096,8608,8520,8939,7430,9026,7899,8253,9265,8842,
(Action),(Trial),7960,8728,8192,8719,9094,8609,8520,8930,7438,9032,7897,8253,9267,8842,
(Action),(Trial),7960,8726,8192,8703,9094,8604,8520,8933,7435,9005,7894,8253,9265,8842,
(Action),(Trial),7960,8728,8192,8706,9094,8608,8520,8931,7436,9014,7898,8253,9277,8842,
(Action),(Trial),7960,8730,8192,8708,9094,8607,8520,8939,7440,9013,7897,8250,9273,8842,
(Action),(Trial),7960,8726,8192,8713,9094,8606,8519,8933,7437,9007,7900,8250,9268,8842,
(Action),(Trial),7960,8729,8192,8711,9094,8614,8520,8932,7436,9033,7896,8250,9270,8842,
(Action),(Trial),7960,8725,8192,8711,9094,8603,8516,8926,7432,9005,7903,8250,9273,8842,
(Action),(Trial),7960,8730,8192,8707,9094,8608,8516,8934,7440,9010,7900,8255,9260,8842,
(Action),(Trial),7960,8728,8192,8711,9094,8609,8517,8938,7432,9006,7898,8255,9276,8842,
(Action),(Trial),7960,8727,8192,8710,9094,8607,8515,8931,7441,9023,7898,8255,9283,8842,
(Action),(Trial),7960,8723,8192,8701,9094,8608,8516,8932,7428,9039,7899,8255,9276,8842,
(Action),(Trial),7960,8728,8192,8713,9094,8608,8518,8928,7427,9039,7899,8255,9271,8842,
(Action),(Trial),7960,8723,8192,8702,9094,8607,8518,8934,7435,9038,7898,8255,9268,8842,
(Action),(Trial),7959,8725,8192,8706,9094,8608,8518,8940,7431,9037,7898,8250,9276,8842,
(Action),(Trial),7959,8728,8192,8714,9094,8605,8517,8934,7429,9042,7898,8253,9266,8842,
(Action),(Trial),7956,8726,8192,8709,9094,8610,8515,8937,7435,9006,7900,8252,9264,8842,
(Action),(Trial),7962,8729,8192,8710,9094,8607,8516,8936,7430,9010,7900,8255,9268,8842,
(Action),(Trial),7961,8730,8192,8712,9094,8605,8516,8936,7437,8997,7899,8251,9273,8842,
(Action),(Trial),7962,8726,8192,8710,9094,8606,8517,8932,7436,9028,7899,8254,9264,8841,
(Action),(Trial),7961,8728,8192,8710,9094,8606,8515,8939,7439,9027,7898,8253,9281,8842,
(Action),(Trial),7961,8725,8192,8710,9094,8604,8514,8928,7432,9029,7900,8253,9266,8842,
(Action),(Trial),7961,8727,8192,8705,9094,8607,8516,8936,7433,9028,7900,8252,9272,8849,
(Action),(Trial),7961,8723,8192,8715,9094,8608,8518,8935,7437,9028,7902,8252,9265,8840,
(Action),(Trial),7961,8728,8192,8697,9094,8608,8517,8937,7432,9028,7902,8252,9267,8846,
(Action),(Trial),7961,8726,8192,8718,9094,8607,8519,8935,7434,9028,7897,8252,9268,8841,
(Action),(Trial),7961,8728,8192,8711,9094,8608,8511,8928,7437,9028,7901,8252,9272,8844,
(Action),(Trial),7961,8725,8192,8709,9094,8607,8521,8929,7426,9028,7900,8252,9284,8843,
(Action),(Trial),7961,8730,8192,8707,9094,8603,8512,8935,7430,9028,7899,8252,9273,8843,
(Action),(Trial),7961,8727,8192,8711,9094,8612,8514,8939,7431,9028,7897,8252,9269,8843,
(Action),(Trial),7961,8726,8192,8710,9095,8609,8513,8931,7433,9028,7902,8252,9266,8843,
(Action),(Trial),7961,8728,8192,8716,9094,8608,8513,8938,7438,9028,7896,8252,9261,8843,
(Action),(Trial),7961,8726,8192,8703,9099,8606,8513,8935,7435,9029,7904,8253,9269,8844,
(Action),(Trial),7961,8726,8192,8707,9096,8609,8516,8939,7437,9035,7895,8255,9285,8839,
(Action),(Trial),7961,8727,8192,8706,9097,8605,8516,8926,7432,9006,7898,8255,9279,8844,
(Action),(Trial),7961,8726,8192,8709,9096,8604,8516,8932,7418,9022,7902,8255,9278,8842,
(Action),(Trial),7961,8728,8192,8707,9096,8605,8515,8936,7436,9018,7897,8255,9270,8848,
(Action),(Trial),7961,8726,8192,8710,9096,8608,8515,8934,7436,9017,7901,8255,9284,8841,
(Action),(Trial),7961,8729,8192,8708,9096,8607,8515,8939,7434,9018,7898,8255,9279,8844,
(Action),(Trial),7961,8728,8192,8704,9096,8606,8515,8934,7432,9018,7898,8253,9263,8843,
(Action),(Trial),7961,8726,8192,8713,9096,8608,8515,8939,7432,9018,7898,8252,9265,8843,
(Action),(Trial),7961,8728,8192,8706,9096,8607,8515,8930,7438,9018,7901,8252,9276,8843,
(Action),(Trial),7961,8727,8192,8712,9096,8607,8515,8939,7434,9018,7905,8252,9273,8843,
(Action),(Trial),7961,8725,8192,8710,9096,8608,8515,8931,7425,9014,7909,8252,9284,8843,
(Action),(Trial),7961,8727,8192,8706,9096,8608,8515,8938,7443,9033,7904,8252,9269,8844,
(Action),(Trial),7961,8723,8192,8711,9096,8608,8517,8934,7429,9005,7901,8252,9267,8847,
(Action),(Trial),7962,8719,8192,8707,9096,8602,8514,8934,7434,9010,7904,8253,9295,8853,
(Action),(Trial),7962,8720,8192,8711,9096,8607,8528,8934,7426,9006,7897,8252,9293,8857,
(Action),(Trial),7959,8721,8192,8710,9096,8610,8514,8934,7432,9017,7913,8256,9286,8847,
(Action),(Trial),7961,8733,8192,8716,9096,8609,8517,8934,7434,9036,7894,8254,9269,8843,
(Action),(Trial),7960,8727,8192,8711,9096,8610,8517,8936,7440,9035,7896,8255,9258,8843,
(Action),(Trial),7960,8730,8192,8712,9096,8608,8514,8929,7440,9034,7896,8255,9261,8843,
(Action),(Trial),7963,8729,8192,8712,9096,8607,8517,8937,7435,9034,7902,8255,9267,8843,
(Action),(Trial),7961,8726,8192,8711,9097,8608,8516,8935,7433,9034,7895,8255,9266,8841,
(Action),(Trial),7961,8726,8192,8715,9096,8609,8515,8928,7435,9034,7902,8255,9263,8842,
(Action),(Trial),7961,8725,8192,8707,9096,8611,8514,8937,7433,9034,7901,8254,9293,8841,
(Action),(Trial),7961,8726,8192,8714,9094,8607,8516,8928,7434,9034,7901,8249,9292,8842,
(Action),(Trial),7962,8729,8192,8713,9094,8609,8517,8937,7426,9034,7888,8250,9281,8842,
(Action),(Trial),7962,8731,8190,8700,9095,8608,8516,8936,7412,9034,7892,8250,9261,8841,
(Action),(Trial),7952,8730,8193,8713,9091,8608,8524,8936,7413,9037,7885,8249,9296,8842,
(Action),(Trial),7963,8749,8208,8715,9096,8609,8540,8936,7423,9008,7878,8251,9273,8842,
(Action),(Trial),7934,8730,8193,8709,9095,8610,8524,8938,7435,9004,7894,8253,9266,8846,
(Action),(Trial),7978,8758,8194,8724,9096,8615,8514,8911,7431,9024,7886,8253,9259,8820,
(Action),(Trial),7945,8750,8192,8705,9093,8609,8514,8924,7413,9028,7874,8256,9285,8826,
(Action),(Trial),7962,8724,8194,8715,9113,8609,8519,8944,7443,9018,7902,8255,9248,8844,
(Action),(Trial),7959,8744,8192,8703,9092,8615,8517,8907,7439,9016,7900,8255,9286,8842,
(Action),(Trial),7959,8745,8192,8689,9097,8614,8517,8921,7439,9019,7898,8255,9291,8849,
(Action),(Trial),7963,8742,8192,8701,9093,8608,8529,8919,7431,9028,7899,8255,9288,8829,
(Action),(Trial),7962,8734,8192,8699,9096,8609,8525,8922,7435,9027,7893,8253,9263,8841,
(Action),(Trial),7961,8729,8192,8701,9096,8607,8525,8918,7438,9031,7893,8253,9265,8843,
(Action),(Trial),7959,8727,8192,8713,9096,8607,8525,8940,7440,9032,7909,8253,9270,8842,
(Action),(Trial),7959,8723,8192,8701,9096,8608,8525,8920,7442,9030,7898,8253,9262,8843,
(Action),(Trial),7960,8740,8192,8698,9096,8611,8526,8922,7435,9017,7891,8252,9266,8843,
(Action),(Trial),7959,8744,8192,8696,9097,8607,8515,8914,7433,9024,7891,8251,9265,8843,
(Action),(Trial),7962,8744,8192,8698,9093,8609,8516,8911,7437,9029,7898,8253,9266,8843,
(Action),(Trial),7957,8732,8192,8702,9096,8606,8510,8928,7440,9032,7899,8253,9268,8843,
(Action),(Trial),7960,8733,8192,8711,9096,8607,8515,8919,7422,9029,7896,8253,9270,8843,
(Action),(Trial),7962,8729,8192,8706,9096,8605,8514,8938,7440,9002,7903,8253,9278,8843,
(Action),(Trial),7961,8720,8192,8710,9096,8608,8520,8938,7429,9013,7900,8253,9276,8843,
(Action),(Trial),7961,8726,8192,8714,9096,8605,8518,8934,7439,9030,7896,8253,9274,8843,
(Action),(Trial),7961,8726,8192,8706,9096,8606,8510,8934,7440,9028,7899,8250,9275,8844,
(Action),(Trial),7961,8727,8192,8712,9096,8608,8518,8931,7439,9026,7898,8253,9265,8844,
(Action),(Trial),7961,8727,8192,8711,9096,8604,8515,8937,7440,9026,7897,8253,9266,8841,
(Action),(Trial),7961,8725,8192,8709,9096,8606,8518,8926,7428,9005,7896,8253,9267,8842,
(Action),(Trial),7961,8721,8192,8708,9096,8602,8517,8941,7433,9015,7901,8253,9267,8844,
(Action),(Trial),7960,8725,8192,8713,9096,8609,8517,8931,7431,9035,7901,8253,9266,8844,
(Action),(Trial),7962,8723,8192,8708,9096,8592,8517,8936,7437,9011,7898,8253,9273,8843,
(Action),(Trial),7962,8716,8192,8713,9096,8609,8517,8936,7440,9010,7897,8253,9292,8843,
(Action),(Trial),7962,8721,8192,8709,9096,8605,8517,8939,7440,9006,7900,8253,9291,8845,
(Action),(Trial),7962,8724,8192,8708,9096,8608,8517,8936,7441,9005,7884,8252,9257,8843,
(Action),(Trial),7962,8724,8192,8703,9097,8609,8518,8935,7435,9030,7893,8252,9272,8843,
(Action),(Trial),7962,8727,8192,8708,9096,8599,8518,8923,7440,9031,7891,8251,9256,8843,
(Action),(Trial),7962,8721,8192,8712,9110,8606,8516,8936,7443,9032,7893,8252,9262,8844,
(Action),(Trial),7962,8726,8192,8710,9103,8605,8518,8934,7441,9030,7895,8251,9262,8842,
(Action),(Trial),7962,8729,8192,8700,9098,8606,8515,8933,7441,9032,7899,8251,9269,8840,
(Action),(Trial),7962,8722,8192,8714,9094,8608,8516,8931,7436,9006,7899,8251,9293,8840,
(Action),(Trial),7962,8725,8192,8704,9099,8601,8514,8937,7439,9019,7899,8251,9288,8841,
(Action),(Trial),7962,8724,8192,8707,9096,8605,8515,8935,7440,9016,7897,8251,9262,8840,
(Action),(Trial),7962,8728,8192,8707,9096,8608,8527,8931,7439,9015,7887,8250,9266,8846,
(Action),(Trial),7962,8729,8192,8702,9096,8606,8521,8910,7437,9014,7883,8250,9263,8825,
(Action),(Trial),7960,8762,8192,8726,9095,8622,8514,8913,7429,9032,7901,8255,9259,8790,
(Action),(Trial),7944,8767,8192,8726,9095,8619,8522,8910,7433,9033,7893,8258,9259,8663,
(Action),(Trial),7950,8784,8192,8693,9095,8621,8526,8918,7437,9034,7897,8257,9262,8757,
(Action),(Trial),7942,8774,8192,8682,9094,8613,8526,8910,7431,9006,7903,8225,9266,8787,
(Action),(Trial),7966,8732,8193,8681,9097,8609,8524,8908,7440,9010,7901,8223,9272,8843,
(Action),(Trial),7961,8697,8196,8697,9098,8599,8524,8933,7440,9000,7902,8250,9263,8843,
(Action),(Trial),7961,8719,8192,8700,9096,8607,8525,8930,7436,9003,7900,8252,9296,8838,
(Action),(Trial),7960,8721,8190,8711,9096,8599,8525,8936,7436,9003,7898,8255,9283,8837,
(Action),(Trial),7960,8723,8191,8704,9096,8602,8525,8921,7436,9003,7898,8255,9285,8837,
(Action),(Trial),7960,8722,8193,8706,9096,8598,8525,8933,7429,9002,7898,8253,9285,8837,
(Action),(Trial),7960,8722,8193,8712,9096,8605,8525,8932,7440,9003,7898,8253,9274,8838,
(Action),(Trial),7960,8723,8193,8704,9096,8607,8525,8938,7435,9007,7898,8253,9265,8836,
(Action),(Trial),7960,8722,8193,8703,9097,8601,8525,8920,7439,9013,7898,8253,9264,8849,
(Action),(Trial),7959,8724,8193,8703,9096,8603,8525,8936,7428,9013,7899,8253,9265,8842,
(Action),(Trial),7963,8725,8192,8708,9096,8601,8525,8926,7440,9012,7898,8253,9265,8843,
(Action),(Trial),7961,8727,8193,8708,9094,8608,8525,8939,7432,9011,7900,8253,9263,8843,
(Action),(Trial),7961,8724,8191,8705,9095,8604,8525,8938,7439,9013,7900,8253,9283,8843,
(Action),(Trial),7959,8723,8193,8705,9094,8593,8525,8927,7440,9012,7900,8253,9258,8843,
(Action),(Trial),7960,8727,8188,8709,9094,8608,8524,8936,7443,9014,7897,8253,9263,8843,
(Action),(Trial),7960,8725,8193,8700,9092,8604,8525,8916,7441,9013,7901,8253,9266,8843,
(Action),(Trial),7960,8727,8194,8708,9098,8603,8512,8921,7438,9014,7898,8253,9274,8843,
(Action),(Trial),7960,8727,8189,8709,9094,8605,8518,8925,7441,9014,7900,8253,9284,8843,
(Action),(Trial),7960,8723,8192,8713,9096,8604,8515,8936,7434,9014,7899,8253,9274,8843,
(Action),(Trial),7960,8729,8194,8705,9094,8600,8518,8936,7435,9014,7897,8254,9276,8843,
(Action),(Trial),7960,8721,8191,8708,9094,8608,8517,8934,7431,9014,7898,8252,9280,8844,
(Action),(Trial),7960,8725,8192,8712,9094,8603,8518,8921,7438,9014,7901,8254,9270,8845,
(Action),(Trial),7960,8727,8192,8710,9094,8607,8516,8931,7436,9014,7896,8246,9269,8843,
(Action),(Trial),7960,8723,8192,8710,9094,8602,8516,8934,7442,9014,7900,8252,9294,8843,
(Action),(Trial),7960,8727,8192,8708,9094,8609,8515,8938,7438,9014,7900,8252,9292,8843,
(Action),(Trial),7960,8724,8192,8709,9094,8607,8516,8933,7438,9014,7901,8254,9295,8846,
(Action),(Trial),7960,8729,8192,8712,9094,8609,8516,8937,7433,9014,7898,8253,9266,8843,
(Action),(Trial),7960,8729,8192,8710,9094,8604,8516,8934,7430,9014,7899,8254,9282,8844,
(Action),(Trial),7960,8726,8191,8712,9094,8604,8516,8940,7433,9014,7895,8253,9257,8847,
(Action),(Trial),7960,8730,8195,8716,9094,8609,8516,8939,7424,9014,7896,8253,9259,8840,
(Action),(Trial),7960,8727,8190,8709,9094,8607,8517,8940,7425,9014,7899,8253,9273,8844,
(Action),(Trial),7960,8727,8190,8719,9094,8607,8517,8940,7443,9014,7898,8253,9281,8845,
(Action),(Trial),7960,8729,8190,8718,9094,8606,8518,8940,7433,9014,7898,8253,9268,8844,
(Action),(Trial),7960,8727,8193,8725,9098,8601,8518,8940,7442,9014,7898,8253,9275,8844,
(Action),(Trial),7960,8727,8193,8715,9095,8608,8518,8941,7426,9014,7899,8253,9277,8843,
(Action),(Trial),7960,8727,8192,8710,9096,8610,8516,8939,7436,9014,7896,8253,9271,8843,
(Action),(Trial),7960,8732,8192,8716,9098,8605,8516,8937,7426,9014,7901,8253,9269,8844,
(Action),(Trial),7959,8727,8192,8714,9100,8607,8516,8932,7440,9014,7898,8253,9277,8842,
(Action),(Trial),7962,8728,8192,8722,9094,8603,8516,8936,7429,9014,7898,8253,9293,8850,
(Action),(Trial),7959,8724,8192,8722,9098,8605,8516,8936,7430,9014,7895,8253,9268,8843,
(Action),(Trial),7960,8723,8195,8721,9093,8602,8516,8936,7430,9014,7887,8253,9293,8850,
(Action),(Trial),7960,8726,8194,8719,9094,8610,8516,8933,7431,9014,7901,8250,9290,8847,
(Action),(Trial),7960,8729,8194,8723,9094,8609,8516,8930,7425,9014,7899,8256,9286,8841,
(Action),(Trial),7960,8726,8191,8713,9094,8606,8516,8937,7432,9014,7899,8250,9261,8844,
(Action),(Trial),7959,8728,8192,8711,9094,8608,8516,8939,7430,9014,7899,8252,9281,8849,
(Action),(Trial),7960,8722,8192,8722,9094,8607,8515,8936,7430,9014,7898,8225,9276,8850,
(Action),(Trial),7960,8735,8192,8711,9094,8612,8521,8919,7434,9013,7898,8258,9272,8836,
(Action),(Trial),7963,8728,8192,8711,9094,8605,8514,8940,7426,9013,7892,8259,9266,8831,
(Action),(Trial),7961,8724,8192,8718,9094,8608,8516,8934,7433,9012,7901,8259,9266,8843,
(Action),(Trial),7961,8730,8192,8708,9094,8606,8519,8930,7435,9029,7901,8260,9262,8842,
(Action),(Trial),7961,8727,8192,8716,9099,8607,8520,8940,7428,9028,7897,8259,9262,8841,
(Action),(Trial),7961,8728,8192,8711,9095,8610,8523,8934,7433,9031,7899,8259,9283,8844,
(Action),(Trial),7961,8727,8192,8713,9092,8609,8518,8938,7432,9030,7898,8259,9267,8843,
(Action),(Trial),7961,8728,8192,8714,9092,8607,8513,8937,7434,9032,7898,8259,9275,8843,
(Action),(Trial),7961,8728,8192,8712,9092,8608,8515,8935,7432,9012,7898,8259,9269,8843,
(Action),(Trial),7961,8730,8192,8712,9092,8607,8514,8940,7436,9030,7898,8259,9277,8843,
(Action),(Trial),7961,8726,8192,8710,9092,8610,8515,8924,7436,9027,7898,8259,9271,8843,
(Action),(Trial),7961,8730,8192,8713,9100,8608,8514,8939,7440,9032,7901,8259,9278,8843,
(Action),(Trial),7961,8729,8192,8707,9096,8605,8514,8936,7433,9033,7896,8259,9267,8843,
(Action),(Trial),7961,8727,8192,8711,9097,8608,8514,8934,7433,9007,7900,8259,9273,8843,
(Action),(Trial),7961,8726,8192,8705,9096,8604,8514,8940,7436,9008,7899,8259,9259,8843,
(Action),(Trial),7961,8730,8192,8707,9096,8612,8514,8920,7426,9007,7899,8259,9285,8843,
(Action),(Trial),7961,8731,8192,8701,9097,8609,8514,8925,7436,9010,7899,8259,9263,8843,
(Action),(Trial),7961,8730,8192,8700,9096,8607,8514,8916,7429,9035,7900,8259,9265,8846,
(Action),(Trial),7961,8744,8192,8695,9096,8613,8514,8921,7440,9030,7900,8259,9265,8824,
(Action),(Trial),7961,8750,8192,8688,9094,8607,8514,8910,7439,9032,7900,8259,9268,8827,
(Action),(Trial),7961,8754,8192,8678,9097,8617,8514,8917,7436,9030,7899,8259,9270,8826,
(Action),(Trial),7961,8757,8192,8681,9096,8617,8514,8911,7438,9034,7902,8259,9263,8829,
(Action),(Trial),7961,8759,8192,8675,9097,8619,8514,8913,7431,9011,7898,8259,9261,8821,
(Action),(Trial),7961,8751,8192,8681,9093,8619,8514,8909,7423,9020,7901,8261,9264,8827,
(Action),(Trial),7961,8753,8192,8684,9096,8623,8514,8909,7446,9015,7898,8250,9265,8822,
(Action),(Trial),7961,8752,8192,8692,9095,8617,8514,8907,7429,9020,7901,8253,9275,8828,
(Action),(Trial),7961,8752,8192,8694,9096,8619,8514,8910,7435,9017,7900,8254,9277,8825,
(Action),(Trial),7961,8745,8192,8694,9096,8620,8514,8913,7437,9016,7903,8256,9283,8827,
(Action),(Trial),7961,8735,8192,8702,9096,8608,8514,8914,7441,9005,7898,8255,9256,8827,
(Action),(Trial),7961,8730,8192,8697,9096,8609,8514,8939,7439,9008,7899,8255,9273,8844,
(Action),(Trial),7961,8733,8192,8704,9096,8607,8514,8912,7435,9009,7897,8255,9262,8839,
(Action),(Trial),7961,8727,8192,8702,9096,8607,8514,8934,7430,9009,7899,8255,9300,8842,
(Action),(Trial),7961,8725,8192,8710,9097,8607,8514,8930,7431,9009,7897,8255,9271,8840,
(Action),(Trial),7961,8724,8192,8701,9098,8604,8514,8920,7434,9008,7899,8255,9263,8840,
(Action),(Trial),7961,8737,8192,8699,9093,8621,8514,8923,7423,9009,7898,8255,9263,8840,
(Action),(Trial),7961,8745,8189,8702,9096,8611,8514,8926,7436,9021,7898,8255,9276,8840,
(Action),(Trial),7961,8729,8194,8701,9095,8610,8514,8932,7426,9022,7901,8255,9270,8840,
(Action),(Trial),7961,8716,8191,8698,9097,8605,8514,8939,7431,9016,7898,8255,9299,8840,
(Action),(Trial),7961,8732,8193,8712,9097,8606,8514,8935,7437,9013,7899,8255,9278,8840,
(Action),(Trial),7961,8721,8191,8711,9095,8610,8514,8937,7427,9028,7900,8255,9297,8840,
(Action),(Trial),7961,8726,8194,8703,9095,8604,8514,8936,7435,9029,7899,8255,9276,8841,
(Action),(Trial),7961,8725,8194,8705,9096,8605,8514,8936,7433,9007,7898,8255,9270,8848,
(Action),(Trial),7961,8720,8194,8701,9097,8605,8514,8936,7433,9009,7899,8255,9257,8846,
(Action),(Trial),7961,8726,8189,8706,9096,8608,8514,8936,7435,9008,7901,8255,9285,8841,
(Action),(Trial),7961,8724,8192,8707,9096,8605,8514,8936,7435,9007,7899,8255,9286,8842,
(Action),(Trial),7961,8726,8191,8708,9096,8598,8514,8928,7430,9007,7902,8255,9285,8842,
(Action),(Trial),7961,8724,8191,8708,9096,8609,8514,8924,7435,9007,7897,8255,9290,8843,
(Action),(Trial),7961,8727,8191,8707,9096,8601,8514,8939,7433,9007,7901,8255,9255,8843,
(Action),(Trial),7961,8720,8191,8707,9097,8608,8514,8935,7436,9007,7898,8255,9291,8844,
(Action),(Trial),7961,8727,8192,8706,9096,8600,8514,8920,7434,9007,7899,8255,9275,8844,
(Action),(Trial),7961,8723,8196,8706,9097,8608,8514,8938,7441,9007,7901,8255,9297,8844,
(Action),(Trial),7961,8726,8192,8709,9093,8602,8514,8925,7423,9007,7901,8255,9276,8844,
(Action),(Trial),7961,8727,8192,8702,9096,8605,8514,8943,7443,9005,7901,8255,9265,8844,
(Action),(Trial),7961,8729,8191,8708,9096,8607,8514,8925,7430,9029,7898,8255,9273,8844,
(Action),(Trial),7961,8725,8192,8706,9096,8608,8514,8938,7435,9027,7899,8255,9275,8844,
(Action),(Trial),7961,8725,8192,8705,9096,8604,8514,8935,7437,9011,7898,8255,9285,8844,
(Action),(Trial),7961,8726,8191,8709,9096,8604,8514,8935,7433,9022,7901,8255,9287,8844,
(Action),(Trial),7961,8723,8191,8708,9096,8605,8514,8934,7437,9031,7898,8255,9276,8844,
(Action),(Trial),7961,8722,8191,8699,9096,8611,8514,8937,7442,9031,7898,8255,9266,8844,
(Action),(Trial),7961,8729,8192,8704,9096,8604,8514,8926,7440,9027,7901,8255,9272,8844,
(Action),(Trial),7961,8727,8189,8702,9096,8607,8514,8928,7433,9031,7900,8255,9263,8844,
(Action),(Trial),7961,8726,8189,8703,9096,8607,8514,8929,7434,9006,7899,8255,9266,8844,
(Action),(Trial),7961,8725,8189,8709,9096,8606,8514,8941,7431,9035,7899,8255,9261,8844,
(Action),(Trial),7961,8725,8189,8708,9096,8605,8514,8923,7436,9010,7901,8255,9281,8844,
(Action),(Trial),7961,8722,8189,8703,9096,8604,8514,8941,7439,9006,7900,8255,9286,8844,
(Action),(Trial),7961,8724,8189,8708,9096,8598,8514,8925,7437,9032,7902,8255,9286,8844,
(Action),(Trial),7961,8724,8189,8704,9096,8608,8514,8924,7439,9021,7902,8255,9290,8844,
(Action),(Trial),7961,8721,8189,8705,9096,8600,8514,8937,7417,9008,7897,8253,9287,8843,
(Action),(Trial),7961,8720,8189,8712,9097,8606,8514,8936,7433,9006,7901,8253,9261,8843,
(Action),(Trial),7961,8723,8190,8707,9097,8604,8514,8940,7438,9031,7898,8253,9276,8843,
(Action),(Trial),7961,8723,8188,8697,9094,8602,8514,8937,7437,9001,7900,8253,9284,8843,
(Action),(Trial),7961,8723,8193,8711,9096,8609,8515,8934,7424,9021,7899,8253,9297,8843,
(Action),(Trial),7961,8723,8191,8703,9096,8608,8514,8936,7442,9030,7902,8253,9268,8844,
(Action),(Trial),7961,8727,8193,8702,9097,8605,8526,8938,7427,9025,7902,8253,9268,8843,
(Action),(Trial),7961,8723,8192,8701,9096,8609,8526,8937,7442,9000,7901,8253,9261,8845,
(Action),(Trial),7961,8723,8192,8702,9096,8602,8525,8937,7439,9006,7902,8253,9268,8841,
(Action),(Trial),7961,8726,8191,8705,9096,8608,8526,8937,7411,9019,7894,8253,9265,8843,
(Action),(Trial),7961,8725,8191,8703,9096,8601,8519,8937,7437,9032,7899,8253,9263,8843,
(Action),(Trial),7961,8725,8192,8705,9096,8606,8516,8938,7433,9006,7902,8253,9292,8843,
(Action),(Trial),7961,8724,8190,8702,9096,8605,8514,8939,7429,9011,7897,8253,9286,8843,
(Action),(Trial),7961,8727,8191,8705,9096,8608,8518,8927,7441,9006,7902,8253,9286,8843,
(Action),(Trial),7961,8726,8192,8702,9096,8605,8517,8927,7438,9036,7900,8253,9289,8843,
(Action),(Trial),7961,8725,8191,8708,9096,8601,8515,8926,7439,9003,7901,8253,9292,8843,
(Action),(Trial),7961,8727,8193,8715,9096,8602,8515,8927,7435,9010,7901,8253,9288,8843,
(Action),(Trial),7961,8727,8194,8702,9096,8602,8515,8939,7439,9008,7900,8253,9286,8843,
(Action),(Trial),7961,8728,8194,8706,9096,8609,8515,8935,7434,9009,7901,8253,9289,8843,
(Action),(Trial),7961,8731,8194,8716,9096,8608,8515,8937,7443,9009,7897,8253,9290,8843,
(Action),(Trial),7961,8723,8194,8705,9096,8606,8516,8937,7424,9009,7896,8253,9296,8843,
(Action),(Trial),7961,8725,8194,8714,9096,8605,8514,8937,7440,9007,7898,8253,9267,8843,
(Action),(Trial),7961,8725,8194,8713,9096,8607,8514,8937,7437,9029,7893,8253,9271,8843,
(Action),(Trial),7961,8728,8193,8710,9096,8603,8514,8937,7421,9025,7892,8253,9262,8843,
(Action),(Trial),7961,8732,8193,8711,9096,8608,8514,8937,7438,9029,7900,8253,9296,8843,
(Action),(Trial),7961,8727,8191,8710,9096,8608,8518,8937,7436,9027,7900,8253,9282,8843,
(Action),(Trial),7961,8727,8192,8714,9096,8606,8517,8937,7432,9028,7897,8253,9270,8843,
(Action),(Trial),7961,8728,8193,8711,9096,8608,8517,8937,7440,9028,7899,8253,9260,8843,
(Action),(Trial),7961,8728,8193,8707,9096,8606,8517,8937,7434,9027,7897,8253,9284,8843,
(Action),(Trial),7961,8726,8194,8716,9096,8608,8517,8937,7432,9032,7900,8254,9279,8843,
(Action),(Trial),7961,8728,8193,8713,9096,8608,8517,8937,7422,9008,7898,8254,9285,8843,
(Action),(Trial),7961,8727,8191,8702,9097,8606,8517,8937,7438,9011,7900,8255,9283,8843,
(Action),(Trial),7961,8727,8192,8715,9093,8608,8518,8937,7428,9006,7897,8255,9291,8843,
(Action),(Trial),7961,8727,8191,8711,9096,8606,8515,8937,7431,9007,7901,8255,9291,8843,
(Action),(Trial),7961,8730,8192,8708,9096,8609,8516,8937,7445,9008,7898,8255,9276,8843,
(Action),(Trial),7961,8725,8191,8713,9096,8611,8516,8937,7417,9024,7898,8255,9272,8843,
(Action),(Trial),7961,8730,8194,8710,9096,8607,8518,8937,7429,9032,7898,8255,9275,8843,
(Action),(Trial),7961,8726,8193,8713,9096,8608,8518,8937,7425,9032,7899,8255,9275,8843,
(Action),(Trial),7961,8730,8194,8713,9096,8605,8518,8937,7433,9029,7898,8255,9271,8843,
(Action),(Trial),7961,8728,8194,8715,9097,8605,8515,8937,7432,9036,7901,8255,9278,8843,
(Action),(Trial),7961,8726,8193,8714,9095,8607,8517,8937,7431,9007,7898,8255,9262,8843,
(Action),(Trial),7961,8725,8194,8711,9095,8608,8515,8937,7439,9020,7899,8255,9266,8843,
(Action),(Trial),7961,8729,8191,8715,9095,8609,8518,8937,7435,9016,7896,8255,9283,8843,
