Count,AF3,AF4,F3,F4,F7,F8,FC5,FC6,O1,O2,P7,P8,T7,T8,
0,0,0,0,0,0,0,0,0,0,0,0,0,0,0,
1,0,0,0,0,0,0,0,0,0,0,0,0,0,0,
2,0,0,0,0,0,0,0,0,0,0,0,0,0,0,
3,0,0,0,0,0,0,0,0,0,0,0,0,0,0,
4,0,0,0,0,0,0,0,0,0,0,0,0,0,0,
5,0,0,0,0,0,0,0,0,0,0,0,0,0,0,
6,0,0,0,0,0,0,0,0,0,0,0,0,0,0,
7,0,0,0,0,0,0,0,0,0,0,0,0,0,0,
8,0,0,0,0,0,0,0,0,0,0,0,0,0,0,
9,0,0,0,0,0,0,0,0,0,0,0,0,0,0,
10,0,0,0,0,0,0,0,0,0,0,0,0,0,0,
11,0,0,0,0,0,0,0,0,0,0,0,0,0,0,
12,0,0,0,0,0,0,0,0,0,0,0,0,0,0,
13,0,0,0,0,0,0,0,0,0,0,0,0,0,0,
14,0,0,0,0,0,0,0,0,0,0,0,0,0,0,
15,0,0,0,0,0,0,0,0,0,0,0,0,0,0,
16,0,0,0,0,0,0,0,0,0,0,0,0,0,0,
17,0,0,0,0,0,0,0,0,0,0,0,0,0,0,
18,0,0,0,0,0,0,0,0,0,0,0,0,0,0,
19,0,0,0,0,0,0,0,0,0,0,0,0,0,0,
20,0,0,0,0,0,0,0,0,0,0,0,0,0,0,
21,0,0,0,0,0,0,0,0,0,0,0,0,0,0,
22,0,0,0,0,0,0,0,0,0,0,0,0,0,0,
23,0,0,0,0,0,0,0,0,0,0,0,0,0,0,
24,0,0,0,0,0,0,0,0,0,0,0,0,0,0,
25,0,0,0,0,0,0,0,0,0,0,0,0,0,0,
26,0,0,0,0,0,0,0,0,0,0,0,0,0,0,
27,0,0,0,0,0,0,0,0,0,0,0,0,0,0,
28,0,0,0,0,0,0,0,0,0,0,0,0,0,0,
29,0,0,0,0,0,0,0,0,0,0,0,0,0,0,
30,0,0,0,0,0,0,0,0,0,0,0,0,0,0,
31,0,0,0,0,0,0,0,0,0,0,0,0,0,0,
32,0,0,0,0,0,0,0,0,0,0,0,0,0,0,
33,0,0,0,0,0,0,0,0,0,0,0,0,0,0,
34,0,0,0,0,0,0,0,0,0,0,0,0,0,0,
35,0,0,0,0,0,0,0,0,0,0,0,0,0,0,
36,0,0,0,0,0,0,0,0,0,0,0,0,0,0,
37,0,0,0,0,0,0,0,0,0,0,0,0,0,0,
38,0,0,0,0,0,0,0,0,0,0,0,0,0,0,
39,0,0,0,0,0,0,0,0,0,0,0,0,0,0,
40,0,0,0,0,0,0,0,0,0,0,0,0,0,0,
41,0,0,0,0,0,0,0,0,0,0,0,0,0,0,
42,0,0,0,0,0,0,0,0,0,0,0,0,0,0,
43,0,0,0,0,0,0,0,0,0,0,0,0,0,0,
44,0,0,0,0,0,0,0,0,0,0,0,0,0,0,
45,0,0,0,0,0,0,0,0,0,0,0,0,0,0,
46,0,0,0,0,0,0,0,0,0,0,0,0,0,0,
47,0,0,0,0,0,0,0,0,0,0,0,0,0,0,
48,0,0,0,0,0,0,0,0,0,0,0,0,0,0,
49,0,0,0,0,0,0,0,0,0,0,0,0,0,0,
50,0,0,0,0,0,0,0,0,0,0,0,0,0,0,
51,0,0,0,0,0,0,0,0,0,0,0,0,0,0,
52,0,0,0,0,0,0,0,0,0,0,0,0,0,0,
53,0,0,0,0,0,0,0,0,0,0,0,0,0,0,
54,0,0,0,0,0,0,0,0,0,0,0,0,0,0,
55,0,0,0,0,0,0,0,0,0,0,0,0,0,0,
56,0,0,0,0,0,0,0,0,0,0,0,0,0,0,
57,0,0,0,0,0,0,0,0,0,0,0,0,0,0,
58,0,0,0,0,0,0,0,0,0,0,0,0,0,0,
59,0,0,0,0,0,0,0,0,0,0,0,0,0,0,
60,0,0,0,0,0,0,0,0,0,0,0,0,0,0,
61,0,0,0,0,0,0,0,0,0,0,0,0,0,0,
62,0,0,0,0,0,0,0,0,0,0,0,0,0,0,
63,0,0,0,0,0,0,0,0,0,0,0,0,0,0,
64,0,0,0,0,0,0,0,0,0,0,0,0,0,0,
65,0,0,0,0,0,0,0,0,0,0,0,0,0,0,
66,0,0,0,0,0,0,0,0,0,0,0,0,0,0,
67,0,0,0,0,0,0,0,0,0,0,0,0,0,0,
68,0,0,0,0,0,0,0,0,0,0,0,0,0,0,
69,0,0,0,0,0,0,0,0,0,0,0,0,0,0,
70,0,0,0,0,0,0,0,0,0,0,0,0,0,0,
71,0,0,0,0,0,0,0,0,0,0,0,0,0,0,
72,0,0,0,0,0,0,0,0,0,0,0,0,0,0,
73,0,0,0,0,0,0,0,0,0,0,0,0,0,0,
74,0,0,0,0,0,0,0,0,0,0,0,0,0,0,
75,0,0,0,0,0,0,0,0,0,0,0,0,0,0,
76,0,0,0,0,0,0,0,0,0,0,0,0,0,0,
77,0,0,0,0,0,0,0,0,0,0,0,0,0,0,
78,0,0,0,0,0,0,0,0,0,0,0,0,0,0,
79,0,0,0,0,0,0,0,0,0,0,0,0,0,0,
80,0,0,0,0,0,0,0,0,0,0,0,0,0,0,
81,0,0,0,0,0,0,0,0,0,0,0,0,0,0,
82,0,0,0,0,0,0,0,0,0,0,0,0,0,0,
83,0,0,0,0,0,0,0,0,0,0,0,0,0,0,
84,0,0,0,0,0,0,0,0,0,0,0,0,0,0,
85,0,0,0,0,0,0,0,0,0,0,0,0,0,0,
86,0,0,0,0,0,0,0,0,0,0,0,0,0,0,
87,0,0,0,0,0,0,0,0,0,0,0,0,0,0,
88,0,0,0,0,0,0,0,0,0,0,0,0,0,0,
89,0,0,0,0,0,0,0,0,0,0,0,0,0,0,
90,0,0,0,0,0,0,0,0,0,0,0,0,0,0,
91,0,0,0,0,0,0,0,0,0,0,0,0,0,0,
92,0,0,0,0,0,0,0,0,0,0,0,0,0,0,
93,0,0,0,0,0,0,0,0,0,0,0,0,0,0,
94,0,0,0,0,0,0,0,0,0,0,0,0,0,0,
95,0,0,0,0,0,0,0,0,0,0,0,0,0,0,
96,0,0,0,0,0,0,0,0,0,0,0,0,0,0,
97,0,0,0,0,0,0,0,0,0,0,0,0,0,0,
98,0,0,0,0,0,0,0,0,0,0,0,0,0,0,
99,0,0,0,0,0,0,0,0,0,0,0,0,0,0,
100,0,0,0,0,0,0,0,0,0,0,0,0,0,0,
101,0,0,0,0,0,0,0,0,0,0,0,0,0,0,
102,0,0,0,0,0,0,0,0,0,0,0,0,0,0,
103,0,0,0,0,0,0,0,0,0,0,0,0,0,0,
104,0,0,0,0,0,0,0,0,0,0,0,0,0,0,
105,0,0,0,0,0,0,0,0,0,0,0,0,0,0,
106,0,0,0,0,0,0,0,0,0,0,0,0,0,0,
107,0,0,0,0,0,0,0,0,0,0,0,0,0,0,
108,0,0,0,0,0,0,0,0,0,0,0,0,0,0,
109,0,0,0,0,0,0,0,0,0,0,0,0,0,0,
110,0,0,0,0,0,0,0,0,0,0,0,0,0,0,
111,0,0,0,0,0,0,0,0,0,0,0,0,0,0,
112,0,0,0,0,0,0,0,0,0,0,0,0,0,0,
113,0,0,0,0,0,0,0,0,0,0,0,0,0,0,
114,0,0,0,0,0,0,0,0,0,0,0,0,0,0,
115,0,0,0,0,0,0,0,0,0,0,0,0,0,0,
116,0,0,0,0,0,0,0,0,0,0,0,0,0,0,
117,0,0,0,0,0,0,0,0,0,0,0,0,0,0,
118,0,0,0,0,0,0,0,0,0,0,0,0,0,0,
119,0,0,0,0,0,0,0,0,0,0,0,0,0,0,
120,0,0,0,0,0,0,0,0,0,0,0,0,0,0,
121,0,0,0,0,0,0,0,0,0,0,0,0,0,0,
122,0,0,0,0,0,0,0,0,0,0,0,0,0,0,
123,0,0,0,0,0,0,0,0,0,0,0,0,0,0,
124,0,0,0,0,0,0,0,0,0,0,0,0,0,0,
125,0,0,0,0,0,0,0,0,0,0,0,0,0,0,
126,0,0,0,0,0,0,0,0,0,0,0,0,0,0,
127,0,0,0,0,0,0,0,0,0,0,0,0,0,0,
128,0,0,0,0,0,0,0,0,0,0,0,0,0,0,
129,0,0,0,0,0,0,0,0,0,0,0,0,0,0,
130,0,0,0,0,0,0,0,0,0,0,0,0,0,0,
131,0,0,0,0,0,0,0,0,0,0,0,0,0,0,
132,0,0,0,0,0,0,0,0,0,0,0,0,0,0,
133,0,0,0,0,0,0,0,0,0,0,0,0,0,0,
134,0,0,0,0,0,0,0,0,0,0,0,0,0,0,
135,0,0,0,0,0,0,0,0,0,0,0,0,0,0,
136,0,0,0,0,0,0,0,0,0,0,0,0,0,0,
137,0,0,0,0,0,0,0,0,0,0,0,0,0,0,
138,0,0,0,0,0,0,0,0,0,0,0,0,0,0,
139,0,0,0,0,0,0,0,0,0,0,0,0,0,0,
140,0,0,0,0,0,0,0,0,0,0,0,0,0,0,
141,0,0,0,0,0,0,0,0,0,0,0,0,0,0,
142,0,0,0,0,0,0,0,0,0,0,0,0,0,0,
143,0,0,0,0,0,0,0,0,0,0,0,0,0,0,
144,0,0,0,0,0,0,0,0,0,0,0,0,0,0,
145,0,0,0,0,0,0,0,0,0,0,0,0,0,0,
146,0,0,0,0,0,0,0,0,0,0,0,0,0,0,
147,0,0,0,0,0,0,0,0,0,0,0,0,0,0,
148,0,0,0,0,0,0,0,0,0,0,0,0,0,0,
149,0,0,0,0,0,0,0,0,0,0,0,0,0,0,
150,0,0,0,0,0,0,0,0,0,0,0,0,0,0,
151,0,0,0,0,0,0,0,0,0,0,0,0,0,0,
152,0,0,0,0,0,0,0,0,0,0,0,0,0,0,
153,0,0,0,0,0,0,0,0,0,0,0,0,0,0,
154,0,0,0,0,0,0,0,0,0,0,0,0,0,0,
155,0,0,0,0,0,0,0,0,0,0,0,0,0,0,
156,0,0,0,0,0,0,0,0,0,0,0,0,0,0,
157,0,0,0,0,0,0,0,0,0,0,0,0,0,0,
158,0,0,0,0,0,0,0,0,0,0,0,0,0,0,
159,0,0,0,0,0,0,0,0,0,0,0,0,0,0,
160,0,0,0,0,0,0,0,0,0,0,0,0,0,0,
161,0,0,0,0,0,0,0,0,0,0,0,0,0,0,
162,0,0,0,0,0,0,0,0,0,0,0,0,0,0,
163,0,0,0,0,0,0,0,0,0,0,0,0,0,0,
164,0,0,0,0,0,0,0,0,0,0,0,0,0,0,
165,0,0,0,0,0,0,0,0,0,0,0,0,0,0,
166,0,0,0,0,0,0,0,0,0,0,0,0,0,0,
167,0,0,0,0,0,0,0,0,0,0,0,0,0,0,
168,0,0,0,0,0,0,0,0,0,0,0,0,0,0,
169,0,0,0,0,0,0,0,0,0,0,0,0,0,0,
170,0,0,0,0,0,0,0,0,0,0,0,0,0,0,
171,0,0,0,0,0,0,0,0,0,0,0,0,0,0,
172,0,0,0,0,0,0,0,0,0,0,0,0,0,0,
173,0,0,0,0,0,0,0,0,0,0,0,0,0,0,
174,0,0,0,0,0,0,0,0,0,0,0,0,0,0,
175,0,0,0,0,0,0,0,0,0,0,0,0,0,0,
176,0,0,0,0,0,0,0,0,0,0,0,0,0,0,
177,0,0,0,0,0,0,0,0,0,0,0,0,0,0,
178,0,0,0,0,0,0,0,0,0,0,0,0,0,0,
179,0,0,0,0,0,0,0,0,0,0,0,0,0,0,
180,0,0,0,0,0,0,0,0,0,0,0,0,0,0,
181,0,0,0,0,0,0,0,0,0,0,0,0,0,0,
182,0,0,0,0,0,0,0,0,0,0,0,0,0,0,
183,0,0,0,0,0,0,0,0,0,0,0,0,0,0,
184,0,0,0,0,0,0,0,0,0,0,0,0,0,0,
185,0,0,0,0,0,0,0,0,0,0,0,0,0,0,
186,0,0,0,0,0,0,0,0,0,0,0,0,0,0,
187,0,0,0,0,0,0,0,0,0,0,0,0,0,0,
188,0,0,0,0,0,0,0,0,0,0,0,0,0,0,
189,0,0,0,0,0,0,0,0,0,0,0,0,0,0,
190,0,0,0,0,0,0,0,0,0,0,0,0,0,0,
191,0,0,0,0,0,0,0,0,0,0,0,0,0,0,
192,0,0,0,0,0,0,0,0,0,0,0,0,0,0,
193,0,0,0,0,0,0,0,0,0,0,0,0,0,0,
194,0,0,0,0,0,0,0,0,0,0,0,0,0,0,
195,0,0,0,0,0,0,0,0,0,0,0,0,0,0,
196,0,0,0,0,0,0,0,0,0,0,0,0,0,0,
197,0,0,0,0,0,0,0,0,0,0,0,0,0,0,
198,0,0,0,0,0,0,0,0,0,0,0,0,0,0,
199,0,0,0,0,0,0,0,0,0,0,0,0,0,0,
200,0,0,0,0,0,0,0,0,0,0,0,0,0,0,
201,0,0,0,0,0,0,0,0,0,0,0,0,0,0,
202,0,0,0,0,0,0,0,0,0,0,0,0,0,0,
203,0,0,0,0,0,0,0,0,0,0,0,0,0,0,
204,0,0,0,0,0,0,0,0,0,0,0,0,0,0,
205,0,0,0,0,0,0,0,0,0,0,0,0,0,0,
206,0,0,0,0,0,0,0,0,0,0,0,0,0,0,
207,0,0,0,0,0,0,0,0,0,0,0,0,0,0,
208,0,0,0,0,0,0,0,0,0,0,0,0,0,0,
209,0,0,0,0,0,0,0,0,0,0,0,0,0,0,
210,0,0,0,0,0,0,0,0,0,0,0,0,0,0,
211,0,0,0,0,0,0,0,0,0,0,0,0,0,0,
212,0,0,0,0,0,0,0,0,0,0,0,0,0,0,
213,0,0,0,0,0,0,0,0,0,0,0,0,0,0,
214,0,0,0,0,0,0,0,0,0,0,0,0,0,0,
215,0,0,0,0,0,0,0,0,0,0,0,0,0,0,
216,0,0,0,0,0,0,0,0,0,0,0,0,0,0,
217,0,0,0,0,0,0,0,0,0,0,0,0,0,0,
218,0,0,0,0,0,0,0,0,0,0,0,0,0,0,
219,0,0,0,0,0,0,0,0,0,0,0,0,0,0,
220,0,0,0,0,0,0,0,0,0,0,0,0,0,0,
221,0,0,0,0,0,0,0,0,0,0,0,0,0,0,
222,0,0,0,0,0,0,0,0,0,0,0,0,0,0,
223,0,0,0,0,0,0,0,0,0,0,0,0,0,0,
224,0,0,0,0,0,0,0,0,0,0,0,0,0,0,
225,0,0,0,0,0,0,0,0,0,0,0,0,0,0,
226,0,0,0,0,0,0,0,0,0,0,0,0,0,0,
227,0,0,0,0,0,0,0,0,0,0,0,0,0,0,
228,0,0,0,0,0,0,0,0,0,0,0,0,0,0,
229,0,0,0,0,0,0,0,0,0,0,0,0,0,0,
230,0,0,0,0,0,0,0,0,0,0,0,0,0,0,
231,0,0,0,0,0,0,0,0,0,0,0,0,0,0,
232,0,0,0,0,0,0,0,0,0,0,0,0,0,0,
233,0,0,0,0,0,0,0,0,0,0,0,0,0,0,
234,0,0,0,0,0,0,0,0,0,0,0,0,0,0,
235,0,0,0,0,0,0,0,0,0,0,0,0,0,0,
236,0,0,0,0,0,0,0,0,0,0,0,0,0,0,
237,0,0,0,0,0,0,0,0,0,0,0,0,0,0,
238,0,0,0,0,0,0,0,0,0,0,0,0,0,0,
239,0,0,0,0,0,0,0,0,0,0,0,0,0,0,
240,0,0,0,0,0,0,0,0,0,0,0,0,0,0,
241,0,0,0,0,0,0,0,0,0,0,0,0,0,0,
242,0,0,0,0,0,0,0,0,0,0,0,0,0,0,
243,0,0,0,0,0,0,0,0,0,0,0,0,0,0,
244,0,0,0,0,0,0,0,0,0,0,0,0,0,0,
245,0,0,0,0,0,0,0,0,0,0,0,0,0,0,
246,0,0,0,0,0,0,0,0,0,0,0,0,0,0,
247,0,0,0,0,0,0,0,0,0,0,0,0,0,0,
248,0,0,0,0,0,0,0,0,0,0,0,0,0,0,
249,0,0,0,0,0,0,0,0,0,0,0,0,0,0,
250,0,0,0,0,0,0,0,0,0,0,0,0,0,0,
251,0,0,0,0,0,0,0,0,0,0,0,0,0,0,
252,0,0,0,0,0,0,0,0,0,0,0,0,0,0,
253,0,0,0,0,0,0,0,0,0,0,0,0,0,0,
254,0,0,0,0,0,0,0,0,0,0,0,0,0,0,
255,0,0,0,0,0,0,0,0,0,0,0,0,0,0,
256,0,0,0,0,0,0,0,0,0,0,0,0,0,0,
257,0,0,0,0,0,0,0,0,0,0,0,0,0,0,
258,0,0,0,0,0,0,0,0,0,0,0,0,0,0,
259,0,0,0,0,0,0,0,0,0,0,0,0,0,0,
260,0,0,0,0,0,0,0,0,0,0,0,0,0,0,
261,0,0,0,0,0,0,0,0,0,0,0,0,0,0,
262,0,0,0,0,0,0,0,0,0,0,0,0,0,0,
263,0,0,0,0,0,0,0,0,0,0,0,0,0,0,
264,0,0,0,0,0,0,0,0,0,0,0,0,0,0,
265,0,0,0,0,0,0,0,0,0,0,0,0,0,0,
266,0,0,0,0,0,0,0,0,0,0,0,0,0,0,
267,0,0,0,0,0,0,0,0,0,0,0,0,0,0,
268,0,0,0,0,0,0,0,0,0,0,0,0,0,0,
269,0,0,0,0,0,0,0,0,0,0,0,0,0,0,
270,0,0,0,0,0,0,0,0,0,0,0,0,0,0,
271,0,0,0,0,0,0,0,0,0,0,0,0,0,0,
272,0,0,0,0,0,0,0,0,0,0,0,0,0,0,
273,0,0,0,0,0,0,0,0,0,0,0,0,0,0,
274,0,0,0,0,0,0,0,0,0,0,0,0,0,0,
275,0,0,0,0,0,0,0,0,0,0,0,0,0,0,
276,0,0,0,0,0,0,0,0,0,0,0,0,0,0,
277,0,0,0,0,0,0,0,0,0,0,0,0,0,0,
278,0,0,0,0,0,0,0,0,0,0,0,0,0,0,
279,0,0,0,0,0,0,0,0,0,0,0,0,0,0,
280,0,0,0,0,0,0,0,0,0,0,0,0,0,0,
281,0,0,0,0,0,0,0,0,0,0,0,0,0,0,
282,0,0,0,0,0,0,0,0,0,0,0,0,0,0,
283,0,0,0,0,0,0,0,0,0,0,0,0,0,0,
284,0,0,0,0,0,0,0,0,0,0,0,0,0,0,
285,0,0,0,0,0,0,0,0,0,0,0,0,0,0,
286,0,0,0,0,0,0,0,0,0,0,0,0,0,0,
287,0,0,0,0,0,0,0,0,0,0,0,0,0,0,
288,0,0,0,0,0,0,0,0,0,0,0,0,0,0,
289,0,0,0,0,0,0,0,0,0,0,0,0,0,0,
290,0,0,0,0,0,0,0,0,0,0,0,0,0,0,
291,0,0,0,0,0,0,0,0,0,0,0,0,0,0,
292,0,0,0,0,0,0,0,0,0,0,0,0,0,0,
293,0,0,0,0,0,0,0,0,0,0,0,0,0,0,
294,0,0,0,0,0,0,0,0,0,0,0,0,0,0,
295,0,0,0,0,0,0,0,0,0,0,0,0,0,0,
296,0,0,0,0,0,0,0,0,0,0,0,0,0,0,
297,0,0,0,0,0,0,0,0,0,0,0,0,0,0,
298,0,0,0,0,0,0,0,0,0,0,0,0,0,0,
299,0,0,0,0,0,0,0,0,0,0,0,0,0,0,
300,0,0,0,0,0,0,0,0,0,0,0,0,0,0,
301,0,0,0,0,0,0,0,0,0,0,0,0,0,0,
302,0,0,0,0,0,0,0,0,0,0,0,0,0,0,
303,0,0,0,0,0,0,0,0,0,0,0,0,0,0,
304,0,0,0,0,0,0,0,0,0,0,0,0,0,0,
305,0,0,0,0,0,0,0,0,0,0,0,0,0,0,
306,0,0,0,0,0,0,0,0,0,0,0,0,0,0,
307,0,0,0,0,0,0,0,0,0,0,0,0,0,0,
308,0,0,0,0,0,0,0,0,0,0,0,0,0,0,
309,0,0,0,0,0,0,0,0,0,0,0,0,0,0,
310,0,0,0,0,0,0,0,0,0,0,0,0,0,0,
311,0,0,0,0,0,0,0,0,0,0,0,0,0,0,
312,0,0,0,0,0,0,0,0,0,0,0,0,0,0,
313,0,0,0,0,0,0,0,0,0,0,0,0,0,0,
314,0,0,0,0,0,0,0,0,0,0,0,0,0,0,
315,0,0,0,0,0,0,0,0,0,0,0,0,0,0,
316,0,0,0,0,0,0,0,0,0,0,0,0,0,0,
317,0,0,0,0,0,0,0,0,0,0,0,0,0,0,
318,0,0,0,0,0,0,0,0,0,0,0,0,0,0,
319,0,0,0,0,0,0,0,0,0,0,0,0,0,0,
320,0,0,0,0,0,0,0,0,0,0,0,0,0,0,
321,0,0,0,0,0,0,0,0,0,0,0,0,0,0,
322,0,0,0,0,0,0,0,0,0,0,0,0,0,0,
323,0,0,0,0,0,0,0,0,0,0,0,0,0,0,
324,0,0,0,0,0,0,0,0,0,0,0,0,0,0,
325,0,0,0,0,0,0,0,0,0,0,0,0,0,0,
326,0,0,0,0,0,0,0,0,0,0,0,0,0,0,
327,0,0,0,0,0,0,0,0,0,0,0,0,0,0,
328,0,0,0,0,0,0,0,0,0,0,0,0,0,0,
329,0,0,0,0,0,0,0,0,0,0,0,0,0,0,
330,0,0,0,0,0,0,0,0,0,0,0,0,0,0,
331,0,0,0,0,0,0,0,0,0,0,0,0,0,0,
332,0,0,0,0,0,0,0,0,0,0,0,0,0,0,
333,0,0,0,0,0,0,0,0,0,0,0,0,0,0,
334,0,0,0,0,0,0,0,0,0,0,0,0,0,0,
335,0,0,0,0,0,0,0,0,0,0,0,0,0,0,
336,0,0,0,0,0,0,0,0,0,0,0,0,0,0,
337,0,0,0,0,0,0,0,0,0,0,0,0,0,0,
338,0,0,0,0,0,0,0,0,0,0,0,0,0,0,
339,0,0,0,0,0,0,0,0,0,0,0,0,0,0,
340,0,0,0,0,0,0,0,0,0,0,0,0,0,0,
341,0,0,0,0,0,0,0,0,0,0,0,0,0,0,
342,0,0,0,0,0,0,0,0,0,0,0,0,0,0,
343,0,0,0,0,0,0,0,0,0,0,0,0,0,0,
344,0,0,0,0,0,0,0,0,0,0,0,0,0,0,
345,0,0,0,0,0,0,0,0,0,0,0,0,0,0,
346,0,0,0,0,0,0,0,0,0,0,0,0,0,0,
347,0,0,0,0,0,0,0,0,0,0,0,0,0,0,
348,0,0,0,0,0,0,0,0,0,0,0,0,0,0,
349,0,0,0,0,0,0,0,0,0,0,0,0,0,0,
350,0,0,0,0,0,0,0,0,0,0,0,0,0,0,
351,0,0,0,0,0,0,0,0,0,0,0,0,0,0,
352,0,0,0,0,0,0,0,0,0,0,0,0,0,0,
353,0,0,0,0,0,0,0,0,0,0,0,0,0,0,
354,0,0,0,0,0,0,0,0,0,0,0,0,0,0,
355,0,0,0,0,0,0,0,0,0,0,0,0,0,0,
356,0,0,0,0,0,0,0,0,0,0,0,0,0,0,
357,0,0,0,0,0,0,0,0,0,0,0,0,0,0,
358,0,0,0,0,0,0,0,0,0,0,0,0,0,0,
359,0,0,0,0,0,0,0,0,0,0,0,0,0,0,
360,0,0,0,0,0,0,0,0,0,0,0,0,0,0,
361,0,0,0,0,0,0,0,0,0,0,0,0,0,0,
362,0,0,0,0,0,0,0,0,0,0,0,0,0,0,
363,0,0,0,0,0,0,0,0,0,0,0,0,0,0,
364,0,0,0,0,0,0,0,0,0,0,0,0,0,0,
365,0,0,0,0,0,0,0,0,0,0,0,0,0,0,
366,0,0,0,0,0,0,0,0,0,0,0,0,0,0,
367,0,0,0,0,0,0,0,0,0,0,0,0,0,0,
368,0,0,0,0,0,0,0,0,0,0,0,0,0,0,
369,0,0,0,0,0,0,0,0,0,0,0,0,0,0,
370,0,0,0,0,0,0,0,0,0,0,0,0,0,0,
371,0,0,0,0,0,0,0,0,0,0,0,0,0,0,
372,0,0,0,0,0,0,0,0,0,0,0,0,0,0,
373,0,0,0,0,0,0,0,0,0,0,0,0,0,0,
374,0,0,0,0,0,0,0,0,0,0,0,0,0,0,
375,0,0,0,0,0,0,0,0,0,0,0,0,0,0,
376,0,0,0,0,0,0,0,0,0,0,0,0,0,0,
377,0,0,0,0,0,0,0,0,0,0,0,0,0,0,
378,0,0,0,0,0,0,0,0,0,0,0,0,0,0,
379,0,0,0,0,0,0,0,0,0,0,0,0,0,0,
380,0,0,0,0,0,0,0,0,0,0,0,0,0,0,
381,0,0,0,0,0,0,0,0,0,0,0,0,0,0,
382,0,0,0,0,0,0,0,0,0,0,0,0,0,0,
383,0,0,0,0,0,0,0,0,0,0,0,0,0,0,
384,0,0,0,0,0,0,0,0,0,0,0,0,0,0,
385,0,0,0,0,0,0,0,0,0,0,0,0,0,0,
386,0,0,0,0,0,0,0,0,0,0,0,0,0,0,
387,0,0,0,0,0,0,0,0,0,0,0,0,0,0,
388,0,0,0,0,0,0,0,0,0,0,0,0,0,0,
389,0,0,0,0,0,0,0,0,0,0,0,0,0,0,
390,0,0,0,0,0,0,0,0,0,0,0,0,0,0,
391,0,0,0,0,0,0,0,0,0,0,0,0,0,0,
392,0,0,0,0,0,0,0,0,0,0,0,0,0,0,
393,0,0,0,0,0,0,0,0,0,0,0,0,0,0,
394,0,0,0,0,0,0,0,0,0,0,0,0,0,0,
395,0,0,0,0,0,0,0,0,0,0,0,0,0,0,
396,0,0,0,0,0,0,0,0,0,0,0,0,0,0,
397,0,0,0,0,0,0,0,0,0,0,0,0,0,0,
398,0,0,0,0,0,0,0,0,0,0,0,0,0,0,
399,0,0,0,0,0,0,0,0,0,0,0,0,0,0,
400,0,0,0,0,0,0,0,0,0,0,0,0,0,0,
401,0,0,0,0,0,0,0,0,0,0,0,0,0,0,
402,0,0,0,0,0,0,0,0,0,0,0,0,0,0,
403,0,0,0,0,0,0,0,0,0,0,0,0,0,0,
404,0,0,0,0,0,0,0,0,0,0,0,0,0,0,
405,0,0,0,0,0,0,0,0,0,0,0,0,0,0,
406,0,0,0,0,0,0,0,0,0,0,0,0,0,0,
407,0,0,0,0,0,0,0,0,0,0,0,0,0,0,
408,0,0,0,0,0,0,0,0,0,0,0,0,0,0,
409,0,0,0,0,0,0,0,0,0,0,0,0,0,0,
410,0,0,0,0,0,0,0,0,0,0,0,0,0,0,
411,0,0,0,0,0,0,0,0,0,0,0,0,0,0,
412,0,0,0,0,0,0,0,0,0,0,0,0,0,0,
413,0,0,0,0,0,0,0,0,0,0,0,0,0,0,
414,0,0,0,0,0,0,0,0,0,0,0,0,0,0,
415,0,0,0,0,0,0,0,0,0,0,0,0,0,0,
416,0,0,0,0,0,0,0,0,0,0,0,0,0,0,
417,0,0,0,0,0,0,0,0,0,0,0,0,0,0,
418,0,0,0,0,0,0,0,0,0,0,0,0,0,0,
419,0,0,0,0,0,0,0,0,0,0,0,0,0,0,
420,0,0,0,0,0,0,0,0,0,0,0,0,0,0,
421,0,0,0,0,0,0,0,0,0,0,0,0,0,0,
422,0,0,0,0,0,0,0,0,0,0,0,0,0,0,
423,0,0,0,0,0,0,0,0,0,0,0,0,0,0,
424,0,0,0,0,0,0,0,0,0,0,0,0,0,0,
425,0,0,0,0,0,0,0,0,0,0,0,0,0,0,
426,0,0,0,0,0,0,0,0,0,0,0,0,0,0,
427,0,0,0,0,0,0,0,0,0,0,0,0,0,0,
428,0,0,0,0,0,0,0,0,0,0,0,0,0,0,
429,0,0,0,0,0,0,0,0,0,0,0,0,0,0,
430,0,0,0,0,0,0,0,0,0,0,0,0,0,0,
431,0,0,0,0,0,0,0,0,0,0,0,0,0,0,
432,0,0,0,0,0,0,0,0,0,0,0,0,0,0,
433,0,0,0,0,0,0,0,0,0,0,0,0,0,0,
434,0,0,0,0,0,0,0,0,0,0,0,0,0,0,
435,0,0,0,0,0,0,0,0,0,0,0,0,0,0,
436,0,0,0,0,0,0,0,0,0,0,0,0,0,0,
437,0,0,0,0,0,0,0,0,0,0,0,0,0,0,
438,0,0,0,0,0,0,0,0,0,0,0,0,0,0,
439,0,0,0,0,0,0,0,0,0,0,0,0,0,0,
440,0,0,0,0,0,0,0,0,0,0,0,0,0,0,
441,0,0,0,0,0,0,0,0,0,0,0,0,0,0,
442,0,0,0,0,0,0,0,0,0,0,0,0,0,0,
443,0,0,0,0,0,0,0,0,0,0,0,0,0,0,
444,0,0,0,0,0,0,0,0,0,0,0,0,0,0,
445,0,0,0,0,0,0,0,0,0,0,0,0,0,0,
446,0,0,0,0,0,0,0,0,0,0,0,0,0,0,
447,0,0,0,0,0,0,0,0,0,0,0,0,0,0,
448,0,0,0,0,0,0,0,0,0,0,0,0,0,0,
449,0,0,0,0,0,0,0,0,0,0,0,0,0,0,
450,0,0,0,0,0,0,0,0,0,0,0,0,0,0,
451,0,0,0,0,0,0,0,0,0,0,0,0,0,0,
452,0,0,0,0,0,0,0,0,0,0,0,0,0,0,
453,0,0,0,0,0,0,0,0,0,0,0,0,0,0,
454,0,0,0,0,0,0,0,0,0,0,0,0,0,0,
455,0,0,0,0,0,0,0,0,0,0,0,0,0,0,
456,0,0,0,0,0,0,0,0,0,0,0,0,0,0,
457,0,0,0,0,0,0,0,0,0,0,0,0,0,0,
458,0,0,0,0,0,0,0,0,0,0,0,0,0,0,
459,0,0,0,0,0,0,0,0,0,0,0,0,0,0,
460,0,0,0,0,0,0,0,0,0,0,0,0,0,0,
461,0,0,0,0,0,0,0,0,0,0,0,0,0,0,
462,0,0,0,0,0,0,0,0,0,0,0,0,0,0,
463,0,0,0,0,0,0,0,0,0,0,0,0,0,0,
464,0,0,0,0,0,0,0,0,0,0,0,0,0,0,
465,0,0,0,0,0,0,0,0,0,0,0,0,0,0,
466,0,0,0,0,0,0,0,0,0,0,0,0,0,0,
467,0,0,0,0,0,0,0,0,0,0,0,0,0,0,
468,0,0,0,0,0,0,0,0,0,0,0,0,0,0,
469,0,0,0,0,0,0,0,0,0,0,0,0,0,0,
470,0,0,0,0,0,0,0,0,0,0,0,0,0,0,
471,0,0,0,0,0,0,0,0,0,0,0,0,0,0,
472,0,0,0,0,0,0,0,0,0,0,0,0,0,0,
473,0,0,0,0,0,0,0,0,0,0,0,0,0,0,
474,0,0,0,0,0,0,0,0,0,0,0,0,0,0,
475,0,0,0,0,0,0,0,0,0,0,0,0,0,0,
476,0,0,0,0,0,0,0,0,0,0,0,0,0,0,
477,0,0,0,0,0,0,0,0,0,0,0,0,0,0,
478,0,0,0,0,0,0,0,0,0,0,0,0,0,0,
479,0,0,0,0,0,0,0,0,0,0,0,0,0,0,
480,0,0,0,0,0,0,0,0,0,0,0,0,0,0,
481,0,0,0,0,0,0,0,0,0,0,0,0,0,0,
482,0,0,0,0,0,0,0,0,0,0,0,0,0,0,
483,0,0,0,0,0,0,0,0,0,0,0,0,0,0,
484,0,0,0,0,0,0,0,0,0,0,0,0,0,0,
485,0,0,0,0,0,0,0,0,0,0,0,0,0,0,
486,0,0,0,0,0,0,0,0,0,0,0,0,0,0,
487,0,0,0,0,0,0,0,0,0,0,0,0,0,0,
488,0,0,0,0,0,0,0,0,0,0,0,0,0,0,
489,0,0,0,0,0,0,0,0,0,0,0,0,0,0,
490,0,0,0,0,0,0,0,0,0,0,0,0,0,0,
491,0,0,0,0,0,0,0,0,0,0,0,0,0,0,
492,0,0,0,0,0,0,0,0,0,0,0,0,0,0,
493,0,0,0,0,0,0,0,0,0,0,0,0,0,0,
494,0,0,0,0,0,0,0,0,0,0,0,0,0,0,
495,0,0,0,0,0,0,0,0,0,0,0,0,0,0,
496,0,0,0,0,0,0,0,0,0,0,0,0,0,0,
497,0,0,0,0,0,0,0,0,0,0,0,0,0,0,
498,0,0,0,0,0,0,0,0,0,0,0,0,0,0,
499,0,0,0,0,0,0,0,0,0,0,0,0,0,0,
500,0,0,0,0,0,0,0,0,0,0,0,0,0,0,
501,0,0,0,0,0,0,0,0,0,0,0,0,0,0,
502,0,0,0,0,0,0,0,0,0,0,0,0,0,0,
503,0,0,0,0,0,0,0,0,0,0,0,0,0,0,
504,0,0,0,0,0,0,0,0,0,0,0,0,0,0,
505,0,0,0,0,0,0,0,0,0,0,0,0,0,0,
506,0,0,0,0,0,0,0,0,0,0,0,0,0,0,
507,0,0,0,0,0,0,0,0,0,0,0,0,0,0,
508,0,0,0,0,0,0,0,0,0,0,0,0,0,0,
509,0,0,0,0,0,0,0,0,0,0,0,0,0,0,
510,0,0,0,0,0,0,0,0,0,0,0,0,0,0,
511,0,0,0,0,0,0,0,0,0,0,0,0,0,0,
512,0,0,0,0,0,0,0,0,0,0,0,0,0,0,
513,0,0,0,0,0,0,0,0,0,0,0,0,0,0,
514,0,0,0,0,0,0,0,0,0,0,0,0,0,0,
515,0,0,0,0,0,0,0,0,0,0,0,0,0,0,
516,0,0,0,0,0,0,0,0,0,0,0,0,0,0,
517,0,0,0,0,0,0,0,0,0,0,0,0,0,0,
518,0,0,0,0,0,0,0,0,0,0,0,0,0,0,
519,0,0,0,0,0,0,0,0,0,0,0,0,0,0,
520,0,0,0,0,0,0,0,0,0,0,0,0,0,0,
521,0,0,0,0,0,0,0,0,0,0,0,0,0,0,
522,0,0,0,0,0,0,0,0,0,0,0,0,0,0,
523,0,0,0,0,0,0,0,0,0,0,0,0,0,0,
524,0,0,0,0,0,0,0,0,0,0,0,0,0,0,
525,0,0,0,0,0,0,0,0,0,0,0,0,0,0,
526,0,0,0,0,0,0,0,0,0,0,0,0,0,0,
527,0,0,0,0,0,0,0,0,0,0,0,0,0,0,
528,0,0,0,0,0,0,0,0,0,0,0,0,0,0,
529,0,0,0,0,0,0,0,0,0,0,0,0,0,0,
530,0,0,0,0,0,0,0,0,0,0,0,0,0,0,
531,0,0,0,0,0,0,0,0,0,0,0,0,0,0,
532,0,0,0,0,0,0,0,0,0,0,0,0,0,0,
533,0,0,0,0,0,0,0,0,0,0,0,0,0,0,
534,0,0,0,0,0,0,0,0,0,0,0,0,0,0,
535,0,0,0,0,0,0,0,0,0,0,0,0,0,0,
536,0,0,0,0,0,0,0,0,0,0,0,0,0,0,
537,0,0,0,0,0,0,0,0,0,0,0,0,0,0,
538,0,0,0,0,0,0,0,0,0,0,0,0,0,0,
539,0,0,0,0,0,0,0,0,0,0,0,0,0,0,
540,0,0,0,0,0,0,0,0,0,0,0,0,0,0,
541,0,0,0,0,0,0,0,0,0,0,0,0,0,0,
542,0,0,0,0,0,0,0,0,0,0,0,0,0,0,
543,0,0,0,0,0,0,0,0,0,0,0,0,0,0,
544,0,0,0,0,0,0,0,0,0,0,0,0,0,0,
545,0,0,0,0,0,0,0,0,0,0,0,0,0,0,
546,0,0,0,0,0,0,0,0,0,0,0,0,0,0,
547,0,0,0,0,0,0,0,0,0,0,0,0,0,0,
548,0,0,0,0,0,0,0,0,0,0,0,0,0,0,
549,0,0,0,0,0,0,0,0,0,0,0,0,0,0,
550,0,0,0,0,0,0,0,0,0,0,0,0,0,0,
551,0,0,0,0,0,0,0,0,0,0,0,0,0,0,
552,0,0,0,0,0,0,0,0,0,0,0,0,0,0,
553,0,0,0,0,0,0,0,0,0,0,0,0,0,0,
554,0,0,0,0,0,0,0,0,0,0,0,0,0,0,
555,0,0,0,0,0,0,0,0,0,0,0,0,0,0,
556,0,0,0,0,0,0,0,0,0,0,0,0,0,0,
557,0,0,0,0,0,0,0,0,0,0,0,0,0,0,
558,0,0,0,0,0,0,0,0,0,0,0,0,0,0,
559,0,0,0,0,0,0,0,0,0,0,0,0,0,0,
560,0,0,0,0,0,0,0,0,0,0,0,0,0,0,
561,0,0,0,0,0,0,0,0,0,0,0,0,0,0,
562,0,0,0,0,0,0,0,0,0,0,0,0,0,0,
563,0,0,0,0,0,0,0,0,0,0,0,0,0,0,
564,0,0,0,0,0,0,0,0,0,0,0,0,0,0,
565,0,0,0,0,0,0,0,0,0,0,0,0,0,0,
566,0,0,0,0,0,0,0,0,0,0,0,0,0,0,
567,0,0,0,0,0,0,0,0,0,0,0,0,0,0,
568,0,0,0,0,0,0,0,0,0,0,0,0,0,0,
569,0,0,0,0,0,0,0,0,0,0,0,0,0,0,
570,0,0,0,0,0,0,0,0,0,0,0,0,0,0,
571,0,0,0,0,0,0,0,0,0,0,0,0,0,0,
572,0,0,0,0,0,0,0,0,0,0,0,0,0,0,
573,0,0,0,0,0,0,0,0,0,0,0,0,0,0,
574,0,0,0,0,0,0,0,0,0,0,0,0,0,0,
575,0,0,0,0,0,0,0,0,0,0,0,0,0,0,
576,0,0,0,0,0,0,0,0,0,0,0,0,0,0,
577,0,0,0,0,0,0,0,0,0,0,0,0,0,0,
578,0,0,0,0,0,0,0,0,0,0,0,0,0,0,
579,0,0,0,0,0,0,0,0,0,0,0,0,0,0,
580,0,0,0,0,0,0,0,0,0,0,0,0,0,0,
581,0,0,0,0,0,0,0,0,0,0,0,0,0,0,
582,0,0,0,0,0,0,0,0,0,0,0,0,0,0,
583,0,0,0,0,0,0,0,0,0,0,0,0,0,0,
584,0,0,0,0,0,0,0,0,0,0,0,0,0,0,
585,0,0,0,0,0,0,0,0,0,0,0,0,0,0,
586,0,0,0,0,0,0,0,0,0,0,0,0,0,0,
587,0,0,0,0,0,0,0,0,0,0,0,0,0,0,
588,0,0,0,0,0,0,0,0,0,0,0,0,0,0,
589,0,0,0,0,0,0,0,0,0,0,0,0,0,0,
590,0,0,0,0,0,0,0,0,0,0,0,0,0,0,
591,0,0,0,0,0,0,0,0,0,0,0,0,0,0,
592,0,0,0,0,0,0,0,0,0,0,0,0,0,0,
593,0,0,0,0,0,0,0,0,0,0,0,0,0,0,
594,0,0,0,0,0,0,0,0,0,0,0,0,0,0,
595,0,0,0,0,0,0,0,0,0,0,0,0,0,0,
596,0,0,0,0,0,0,0,0,0,0,0,0,0,0,
597,0,0,0,0,0,0,0,0,0,0,0,0,0,0,
598,0,0,0,0,0,0,0,0,0,0,0,0,0,0,
599,0,0,0,0,0,0,0,0,0,0,0,0,0,0,
600,0,0,0,0,0,0,0,0,0,0,0,0,0,0,
601,0,0,0,0,0,0,0,0,0,0,0,0,0,0,
602,0,0,0,0,0,0,0,0,0,0,0,0,0,0,
603,0,0,0,0,0,0,0,0,0,0,0,0,0,0,
604,0,0,0,0,0,0,0,0,0,0,0,0,0,0,
605,0,0,0,0,0,0,0,0,0,0,0,0,0,0,
606,0,0,0,0,0,0,0,0,0,0,0,0,0,0,
607,0,0,0,0,0,0,0,0,0,0,0,0,0,0,
608,0,0,0,0,0,0,0,0,0,0,0,0,0,0,
609,0,0,0,0,0,0,0,0,0,0,0,0,0,0,
610,0,0,0,0,0,0,0,0,0,0,0,0,0,0,
611,0,0,0,0,0,0,0,0,0,0,0,0,0,0,
612,0,0,0,0,0,0,0,0,0,0,0,0,0,0,
613,0,0,0,0,0,0,0,0,0,0,0,0,0,0,
614,0,0,0,0,0,0,0,0,0,0,0,0,0,0,
615,0,0,0,0,0,0,0,0,0,0,0,0,0,0,
616,0,0,0,0,0,0,0,0,0,0,0,0,0,0,
617,0,0,0,0,0,0,0,0,0,0,0,0,0,0,
618,0,0,0,0,0,0,0,0,0,0,0,0,0,0,
619,0,0,0,0,0,0,0,0,0,0,0,0,0,0,
620,0,0,0,0,0,0,0,0,0,0,0,0,0,0,
621,0,0,0,0,0,0,0,0,0,0,0,0,0,0,
622,0,0,0,0,0,0,0,0,0,0,0,0,0,0,
623,0,0,0,0,0,0,0,0,0,0,0,0,0,0,
624,0,0,0,0,0,0,0,0,0,0,0,0,0,0,
625,0,0,0,0,0,0,0,0,0,0,0,0,0,0,
626,0,0,0,0,0,0,0,0,0,0,0,0,0,0,
627,0,0,0,0,0,0,0,0,0,0,0,0,0,0,
628,0,0,0,0,0,0,0,0,0,0,0,0,0,0,
629,0,0,0,0,0,0,0,0,0,0,0,0,0,0,
630,0,0,0,0,0,0,0,0,0,0,0,0,0,0,
631,0,0,0,0,0,0,0,0,0,0,0,0,0,0,
632,0,0,0,0,0,0,0,0,0,0,0,0,0,0,
633,0,0,0,0,0,0,0,0,0,0,0,0,0,0,
634,0,0,0,0,0,0,0,0,0,0,0,0,0,0,
635,0,0,0,0,0,0,0,0,0,0,0,0,0,0,
636,0,0,0,0,0,0,0,0,0,0,0,0,0,0,
637,0,0,0,0,0,0,0,0,0,0,0,0,0,0,
638,0,0,0,0,0,0,0,0,0,0,0,0,0,0,
639,0,0,0,0,0,0,0,0,0,0,0,0,0,0,
640,0,0,0,0,0,0,0,0,0,0,0,0,0,0,
641,0,0,0,0,0,0,0,0,0,0,0,0,0,0,
642,0,0,0,0,0,0,0,0,0,0,0,0,0,0,
643,0,0,0,0,0,0,0,0,0,0,0,0,0,0,
644,0,0,0,0,0,0,0,0,0,0,0,0,0,0,
645,0,0,0,0,0,0,0,0,0,0,0,0,0,0,
646,0,0,0,0,0,0,0,0,0,0,0,0,0,0,
647,0,0,0,0,0,0,0,0,0,0,0,0,0,0,
648,0,0,0,0,0,0,0,0,0,0,0,0,0,0,
649,0,0,0,0,0,0,0,0,0,0,0,0,0,0,
650,0,0,0,0,0,0,0,0,0,0,0,0,0,0,
651,0,0,0,0,0,0,0,0,0,0,0,0,0,0,
652,0,0,0,0,0,0,0,0,0,0,0,0,0,0,
653,0,0,0,0,0,0,0,0,0,0,0,0,0,0,
654,0,0,0,0,0,0,0,0,0,0,0,0,0,0,
655,0,0,0,0,0,0,0,0,0,0,0,0,0,0,
656,0,0,0,0,0,0,0,0,0,0,0,0,0,0,
657,0,0,0,0,0,0,0,0,0,0,0,0,0,0,
658,0,0,0,0,0,0,0,0,0,0,0,0,0,0,
659,0,0,0,0,0,0,0,0,0,0,0,0,0,0,
660,0,0,0,0,0,0,0,0,0,0,0,0,0,0,
661,0,0,0,0,0,0,0,0,0,0,0,0,0,0,
662,0,0,0,0,0,0,0,0,0,0,0,0,0,0,
663,0,0,0,0,0,0,0,0,0,0,0,0,0,0,
664,0,0,0,0,0,0,0,0,0,0,0,0,0,0,
665,0,0,0,0,0,0,0,0,0,0,0,0,0,0,
666,0,0,0,0,0,0,0,0,0,0,0,0,0,0,
667,0,0,0,0,0,0,0,0,0,0,0,0,0,0,
668,0,0,0,0,0,0,0,0,0,0,0,0,0,0,
669,0,0,0,0,0,0,0,0,0,0,0,0,0,0,
670,0,0,0,0,0,0,0,0,0,0,0,0,0,0,
671,0,0,0,0,0,0,0,0,0,0,0,0,0,0,
672,7960,8730,8200,8710,9100,8600,8520,8920,7430,9020,7900,8250,9280,8850,
673,7960,8730,8200,8710,9100,8600,8520,8920,7430,9020,7900,8250,9280,8850,
674,7960,8730,8200,8710,9100,8600,8520,8920,7430,9020,7900,8250,9280,8850,
675,7960,8730,8200,8710,9100,8600,8520,8920,7430,9020,7900,8250,9280,8850,
676,7960,8730,8200,8710,9100,8600,8520,8920,7430,9020,7900,8250,9280,8850,
677,7960,8730,8200,8710,9100,8600,8520,8920,7430,9020,7900,8250,9280,8850,
678,7960,8730,8200,8710,9100,8600,8520,8920,7430,9020,7900,8250,9280,8850,
679,7960,8730,8200,8710,9100,8600,8520,8920,7430,9020,7900,8250,9280,8850,
680,7960,8730,8200,8710,9100,8600,8520,8920,7430,9020,7900,8250,9280,8850,
681,7960,8730,8200,8710,9100,8600,8520,8920,7430,9020,7900,8250,9280,8850,
682,7960,8730,8200,8710,9100,8600,8520,8920,7430,9020,7900,8250,9280,8850,
683,7960,8730,8200,8710,9100,8600,8520,8920,7430,9020,7900,8250,9280,8850,
684,7960,8730,8200,8710,9100,8600,8520,8920,7430,9020,7900,8250,9280,8850,
685,7960,8730,8200,8710,9100,8600,8520,8920,7430,9020,7900,8250,9280,8850,
686,7960,8730,8200,8710,9100,8600,8520,8920,7430,9020,7900,8250,9280,8850,
687,7960,8730,8200,8710,9100,8600,8520,8920,7430,9020,7900,8250,9280,8850,
688,7960,8730,8200,8710,9100,8600,8520,8920,7430,9020,7900,8250,9280,8850,
689,7960,8730,8200,8710,9100,8600,8520,8920,7430,9020,7900,8250,9280,8850,
690,7960,8730,8200,8710,9100,8600,8520,8920,7430,9020,7900,8250,9280,8850,
691,7960,8730,8200,8710,9100,8600,8520,8920,7430,9020,7900,8250,9280,8850,
692,7960,8730,8200,8710,9100,8600,8520,8920,7430,9020,7900,8250,9280,8850,
693,7960,8730,8200,8710,9100,8600,8520,8920,7430,9020,7900,8250,9280,8850,
694,7960,8730,8200,8710,9100,8600,8520,8920,7430,9020,7900,8250,9280,8850,
695,7960,8730,8200,8710,9100,8600,8520,8920,7430,9020,7900,8250,9280,8850,
696,7960,8730,8200,8710,9100,8600,8520,8920,7430,9020,7900,8250,9280,8850,
697,7960,8730,8200,8710,9100,8600,8520,8920,7430,9020,7900,8250,9280,8850,
698,7960,8730,8200,8710,9100,8600,8520,8920,7430,9020,7900,8250,9280,8850,
699,7960,8730,8200,8710,9100,8600,8520,8920,7430,9020,7900,8250,9280,8850,
700,7960,8730,8200,8710,9100,8600,8520,8920,7430,9020,7900,8250,9280,8850,
701,7960,8730,8200,8710,9100,8600,8520,8920,7430,9020,7900,8250,9280,8850,
702,7960,8730,8200,8710,9100,8600,8520,8920,7430,9020,7900,8250,9280,8850,
703,7960,8730,8200,8710,9100,8600,8520,8920,7430,9020,7900,8250,9280,8850,
704,7960,8730,8200,8710,9100,8600,8520,8920,7430,9020,7900,8250,9280,8850,
705,7960,8730,8200,8710,9100,8600,8520,8920,7430,9020,7900,8250,9280,8850,
706,7960,8730,8200,8710,9100,8600,8520,8920,7430,9020,7900,8250,9280,8850,
707,7960,8730,8200,8710,9100,8600,8520,8920,7430,9020,7900,8250,9280,8850,
708,7960,8730,8200,8710,9100,8600,8520,8920,7430,9020,7900,8250,9280,8850,
709,7960,8730,8200,8710,9100,8600,8520,8920,7430,9020,7900,8250,9280,8850,
710,7960,8730,8200,8710,9100,8600,8520,8920,7430,9020,7900,8250,9280,8850,
711,7960,8730,8200,8710,9100,8600,8520,8920,7430,9020,7900,8250,9280,8850,
712,7960,8730,8200,8710,9100,8600,8520,8920,7430,9020,7900,8250,9280,8850,
713,7960,8730,8200,8710,9100,8600,8520,8920,7430,9020,7900,8250,9280,8850,
714,7960,8730,8200,8710,9100,8600,8520,8920,7430,9020,7900,8250,9280,8850,
715,7960,8730,8200,8710,9100,8600,8520,8920,7430,9020,7900,8250,9280,8850,
716,7960,8730,8200,8710,9100,8600,8520,8920,7430,9020,7900,8250,9280,8850,
717,7960,8730,8200,8710,9100,8600,8520,8920,7430,9020,7900,8250,9280,8850,
718,7960,8730,8200,8710,9100,8600,8520,8920,7430,9020,7900,8250,9280,8850,
719,7960,8730,8200,8710,9100,8600,8520,8920,7430,9020,7900,8250,9280,8850,
720,7960,8730,8200,8710,9100,8600,8520,8920,7430,9020,7900,8250,9280,8850,
721,7960,8730,8200,8710,9100,8600,8520,8920,7430,9020,7900,8250,9280,8850,
722,7960,8730,8200,8710,9100,8600,8520,8920,7430,9020,7900,8250,9280,8850,
723,7960,8730,8200,8710,9100,8600,8520,8920,7430,9020,7900,8250,9280,8850,
724,7960,8730,8200,8710,9100,8600,8520,8920,7430,9020,7900,8250,9280,8850,
725,7960,8730,8200,8710,9100,8600,8520,8920,7430,9020,7900,8250,9280,8850,
726,7960,8730,8200,8710,9100,8600,8520,8920,7430,9020,7900,8250,9280,8850,
727,7960,8730,8200,8710,9100,8600,8520,8920,7430,9020,7900,8250,9280,8850,
728,7960,8730,8200,8710,9100,8600,8520,8920,7430,9020,7900,8250,9280,8850,
729,7960,8730,8200,8710,9100,8600,8520,8920,7430,9020,7900,8250,9280,8850,
730,7960,8730,8200,8710,9100,8600,8520,8920,7430,9020,7900,8250,9280,8850,
731,7960,8730,8200,8710,9100,8600,8520,8920,7430,9020,7900,8250,9280,8850,
732,7960,8730,8200,8710,9100,8600,8520,8920,7430,9020,7900,8250,9280,8850,
733,7960,8730,8200,8710,9100,8600,8520,8920,7430,9020,7900,8250,9280,8850,
734,7960,8730,8200,8710,9100,8600,8520,8920,7430,9020,7900,8250,9280,8850,
735,7960,8730,8200,8710,9100,8600,8520,8920,7430,9020,7900,8250,9280,8850,
736,7960,8730,8200,8710,9100,8600,8520,8920,7430,9020,7900,8250,9280,8850,
737,7960,8730,8200,8710,9100,8600,8520,8920,7430,9020,7900,8250,9280,8850,
738,7960,8730,8200,8710,9100,8600,8520,8920,7430,9020,7900,8250,9280,8850,
739,7960,8730,8200,8710,9100,8600,8520,8920,7430,9020,7900,8250,9280,8850,
740,7960,8730,8200,8710,9100,8600,8520,8920,7430,9020,7900,8250,9280,8850,
741,7960,8730,8200,8710,9100,8600,8520,8920,7430,9020,7900,8250,9280,8850,
742,7960,8730,8200,8710,9100,8600,8520,8920,7430,9020,7900,8250,9280,8850,
743,7960,8730,8200,8710,9100,8600,8520,8920,7430,9020,7900,8250,9280,8850,
744,7960,8730,8200,8710,9100,8600,8520,8920,7430,9020,7900,8250,9280,8850,
745,7960,8730,8200,8710,9100,8600,8520,8920,7430,9020,7900,8250,9280,8850,
746,7960,8730,8200,8710,9100,8600,8520,8920,7430,9020,7900,8250,9280,8850,
747,7960,8730,8200,8710,9100,8600,8520,8920,7430,9020,7900,8250,9280,8850,
748,7960,8730,8200,8710,9100,8600,8520,8920,7430,9020,7900,8250,9280,8850,
749,7960,8730,8200,8710,9100,8600,8520,8920,7430,9020,7900,8250,9280,8850,
750,7960,8730,8200,8710,9100,8600,8520,8920,7430,9020,7900,8250,9280,8850,
751,7960,8730,8200,8710,9100,8600,8520,8920,7430,9020,7900,8250,9280,8850,
752,7960,8730,8200,8710,9100,8600,8520,8920,7430,9020,7900,8250,9280,8850,
753,7960,8730,8200,8710,9100,8600,8520,8920,7430,9020,7900,8250,9280,8850,
754,7960,8730,8200,8710,9100,8600,8520,8920,7430,9020,7900,8250,9280,8850,
755,7960,8730,8200,8710,9100,8600,8520,8920,7430,9020,7900,8250,9280,8850,
756,7960,8730,8200,8710,9100,8600,8520,8920,7430,9020,7900,8250,9280,8850,
757,7960,8730,8200,8710,9100,8600,8520,8920,7430,9020,7900,8250,9280,8850,
758,7960,8730,8200,8710,9100,8600,8520,8920,7430,9020,7900,8250,9280,8850,
759,7960,8730,8200,8710,9100,8600,8520,8920,7430,9020,7900,8250,9280,8850,
760,7960,8730,8200,8710,9100,8600,8520,8920,7430,9020,7900,8250,9280,8850,
761,7960,8730,8200,8710,9100,8600,8520,8920,7430,9020,7900,8250,9280,8850,
762,7960,8730,8200,8710,9100,8600,8520,8920,7430,9020,7900,8250,9280,8850,
763,7960,8730,8200,8710,9100,8600,8520,8920,7430,9020,7900,8250,9280,8850,
764,7960,8730,8200,8710,9100,8600,8520,8920,7430,9020,7900,8250,9280,8850,
765,7960,8730,8200,8710,9100,8600,8520,8920,7430,9020,7900,8250,9280,8850,
766,7960,8730,8200,8710,9100,8600,8520,8920,7430,9020,7900,8250,9280,8850,
767,7960,8730,8200,8710,9100,8600,8520,8920,7430,9020,7900,8250,9280,8850,
768,7960,8730,8200,8710,9100,8600,8520,8920,7430,9020,7900,8250,9280,8850,
769,7960,8730,8200,8710,9100,8600,8520,8920,7430,9020,7900,8250,9280,8850,
770,7960,8730,8200,8710,9100,8600,8520,8920,7430,9020,7900,8250,9280,8850,
771,7960,8730,8200,8710,9100,8600,8520,8920,7430,9020,7900,8250,9280,8850,
772,7960,8730,8200,8710,9100,8600,8520,8920,7430,9020,7900,8250,9280,8850,
773,7960,8730,8200,8710,9100,8600,8520,8920,7430,9020,7900,8250,9280,8850,
774,7960,8730,8200,8710,9100,8600,8520,8920,7430,9020,7900,8250,9280,8850,
775,7960,8730,8200,8710,9100,8600,8520,8920,7430,9020,7900,8250,9280,8850,
776,7960,8730,8200,8710,9100,8600,8520,8920,7430,9020,7900,8250,9280,8850,
777,7960,8730,8200,8710,9100,8600,8520,8920,7430,9020,7900,8250,9280,8850,
778,7960,8730,8200,8710,9100,8600,8520,8920,7430,9020,7900,8250,9280,8850,
779,7960,8730,8200,8710,9100,8600,8520,8920,7430,9020,7900,8250,9280,8850,
780,7960,8730,8200,8710,9100,8600,8520,8920,7430,9020,7900,8250,9280,8850,
781,7960,8730,8200,8710,9100,8600,8520,8920,7430,9020,7900,8250,9280,8850,
782,7960,8730,8200,8710,9100,8600,8520,8920,7430,9020,7900,8250,9280,8850,
783,7960,8730,8200,8710,9100,8600,8520,8920,7430,9020,7900,8250,9280,8850,
784,7960,8730,8200,8710,9100,8600,8520,8920,7430,9020,7900,8250,9280,8850,
785,7960,8730,8200,8710,9100,8600,8520,8920,7430,9020,7900,8250,9280,8850,
786,7960,8730,8200,8710,9100,8600,8520,8920,7430,9020,7900,8250,9280,8850,
787,7960,8730,8200,8710,9100,8600,8520,8920,7430,9020,7900,8250,9280,8850,
788,7960,8730,8200,8710,9100,8600,8520,8920,7430,9020,7900,8250,9280,8850,
789,7960,8730,8200,8710,9100,8600,8520,8920,7430,9020,7900,8250,9280,8850,
790,7960,8730,8200,8710,9100,8600,8520,8920,7430,9020,7900,8250,9280,8850,
791,7960,8730,8200,8710,9100,8600,8520,8920,7430,9020,7900,8250,9280,8850,
792,7960,8730,8200,8710,9100,8600,8520,8920,7430,9020,7900,8250,9280,8850,
793,7960,8730,8200,8710,9100,8600,8520,8920,7430,9020,7900,8250,9280,8850,
794,7960,8730,8200,8710,9100,8600,8520,8920,7430,9020,7900,8250,9280,8850,
795,7960,8730,8200,8710,9100,8600,8520,8920,7430,9020,7900,8250,9280,8850,
796,7960,8730,8200,8710,9100,8600,8520,8920,7430,9020,7900,8250,9280,8850,
797,7960,8730,8200,8710,9100,8600,8520,8920,7430,9020,7900,8250,9280,8850,
798,7960,8730,8200,8710,9100,8600,8520,8920,7430,9020,7900,8250,9280,8850,
799,7960,8730,8200,8710,9100,8600,8520,8920,7430,9020,7900,8250,9280,8850,
800,7960,8730,8200,8710,9100,8600,8520,8920,7430,9020,7900,8250,9280,8850,
801,7960,8730,8200,8710,9100,8600,8520,8920,7430,9020,7900,8250,9280,8850,
802,7960,8730,8200,8710,9100,8600,8520,8920,7430,9020,7900,8250,9280,8850,
803,7960,8730,8200,8710,9100,8600,8520,8920,7430,9020,7900,8250,9280,8850,
804,7960,8730,8200,8710,9100,8600,8520,8920,7430,9020,7900,8250,9280,8850,
805,7960,8730,8200,8710,9100,8600,8520,8920,7430,9020,7900,8250,9280,8850,
806,7960,8730,8200,8710,9100,8600,8520,8920,7430,9020,7900,8250,9280,8850,
807,7960,8730,8200,8710,9100,8600,8520,8920,7430,9020,7900,8250,9280,8850,
808,7960,8730,8200,8710,9100,8600,8520,8920,7430,9020,7900,8250,9280,8850,
809,7960,8730,8200,8710,9100,8600,8520,8920,7430,9020,7900,8250,9280,8850,
810,7960,8730,8200,8710,9100,8600,8520,8920,7430,9020,7900,8250,9280,8850,
811,7960,8730,8200,8710,9100,8600,8520,8920,7430,9020,7900,8250,9280,8850,
812,7960,8730,8200,8710,9100,8600,8520,8920,7430,9020,7900,8250,9280,8850,
813,7960,8730,8200,8710,9100,8600,8520,8920,7430,9020,7900,8250,9280,8850,
814,7960,8730,8200,8710,9100,8600,8520,8920,7430,9020,7900,8250,9280,8850,
815,7960,8730,8200,8710,9100,8600,8520,8920,7430,9020,7900,8250,9280,8850,
816,7960,8730,8200,8710,9100,8600,8520,8920,7430,9020,7900,8250,9280,8850,
817,7960,8730,8200,8710,9100,8600,8520,8920,7430,9020,7900,8250,9280,8850,
818,7960,8730,8200,8710,9100,8600,8520,8920,7430,9020,7900,8250,9280,8850,
819,7960,8730,8200,8710,9100,8600,8520,8920,7430,9020,7900,8250,9280,8850,
820,7960,8730,8200,8710,9100,8600,8520,8920,7430,9020,7900,8250,9280,8850,
821,7960,8730,8200,8710,9100,8600,8520,8920,7430,9020,7900,8250,9280,8850,
822,7960,8730,8200,8710,9100,8600,8520,8920,7430,9020,7900,8250,9280,8850,
823,7960,8730,8200,8710,9100,8600,8520,8920,7430,9020,7900,8250,9280,8850,
824,7960,8730,8200,8710,9100,8600,8520,8920,7430,9020,7900,8250,9280,8850,
825,7960,8730,8200,8710,9100,8600,8520,8920,7430,9020,7900,8250,9280,8850,
826,7960,8730,8200,8710,9100,8600,8520,8920,7430,9020,7900,8250,9280,8850,
827,7960,8730,8200,8710,9100,8600,8520,8920,7430,9020,7900,8250,9280,8850,
828,7960,8730,8200,8710,9100,8600,8520,8920,7430,9020,7900,8250,9280,8850,
829,7960,8730,8200,8710,9100,8600,8520,8920,7430,9020,7900,8250,9280,8850,
830,7960,8730,8200,8710,9100,8600,8520,8920,7430,9020,7900,8250,9280,8850,
831,7960,8730,8200,8710,9100,8600,8520,8920,7430,9020,7900,8250,9280,8850,
832,7960,8730,8200,8710,9100,8600,8520,8920,7430,9020,7900,8250,9280,8850,
833,7960,8730,8200,8710,9100,8600,8520,8920,7430,9020,7900,8250,9280,8850,
834,7960,8730,8200,8710,9100,8600,8520,8920,7430,9020,7900,8250,9280,8850,
835,7960,8730,8200,8710,9100,8600,8520,8920,7430,9020,7900,8250,9280,8850,
836,7960,8730,8200,8710,9100,8600,8520,8920,7430,9020,7900,8250,9280,8850,
837,7960,8730,8200,8710,9100,8600,8520,8920,7430,9020,7900,8250,9280,8850,
838,7960,8730,8200,8710,9100,8600,8520,8920,7430,9020,7900,8250,9280,8850,
839,7960,8730,8200,8710,9100,8600,8520,8920,7430,9020,7900,8250,9280,8850,
840,7960,8730,8200,8710,9100,8600,8520,8920,7430,9020,7900,8250,9280,8850,
841,7960,8730,8200,8710,9100,8600,8520,8920,7430,9020,7900,8250,9280,8850,
842,7960,8730,8200,8710,9100,8600,8520,8920,7430,9020,7900,8250,9280,8850,
843,7960,8730,8200,8710,9100,8600,8520,8920,7430,9020,7900,8250,9280,8850,
844,7960,8730,8200,8710,9100,8600,8520,8920,7430,9020,7900,8250,9280,8850,
845,7960,8730,8200,8710,9100,8600,8520,8920,7430,9020,7900,8250,9280,8850,
846,7960,8730,8200,8710,9100,8600,8520,8920,7430,9020,7900,8250,9280,8850,
847,7960,8730,8200,8710,9100,8600,8520,8920,7430,9020,7900,8250,9280,8850,
848,7960,8730,8200,8710,9100,8600,8520,8920,7430,9020,7900,8250,9280,8850,
849,7960,8730,8200,8710,9100,8600,8520,8920,7430,9020,7900,8250,9280,8850,
850,7960,8730,8200,8710,9100,8600,8520,8920,7430,9020,7900,8250,9280,8850,
851,7960,8730,8200,8710,9100,8600,8520,8920,7430,9020,7900,8250,9280,8850,
852,7960,8730,8200,8710,9100,8600,8520,8920,7430,9020,7900,8250,9280,8850,
853,7960,8730,8200,8710,9100,8600,8520,8920,7430,9020,7900,8250,9280,8850,
854,7960,8730,8200,8710,9100,8600,8520,8920,7430,9020,7900,8250,9280,8850,
855,7960,8730,8200,8710,9100,8600,8520,8920,7430,9020,7900,8250,9280,8850,
856,7960,8730,8200,8710,9100,8600,8520,8920,7430,9020,7900,8250,9280,8850,
857,7960,8730,8200,8710,9100,8600,8520,8920,7430,9020,7900,8250,9280,8850,
858,7960,8730,8200,8710,9100,8600,8520,8920,7430,9020,7900,8250,9280,8850,
859,7960,8730,8200,8710,9100,8600,8520,8920,7430,9020,7900,8250,9280,8850,
860,7960,8730,8200,8710,9100,8600,8520,8920,7430,9020,7900,8250,9280,8850,
861,7960,8730,8200,8710,9100,8600,8520,8920,7430,9020,7900,8250,9280,8850,
862,7960,8730,8200,8710,9100,8600,8520,8920,7430,9020,7900,8250,9280,8850,
863,7960,8730,8200,8710,9100,8600,8520,8920,7430,9020,7900,8250,9280,8850,
864,7960,8730,8200,8710,9100,8600,8520,8920,7430,9020,7900,8250,9280,8850,
865,7960,8730,8200,8710,9100,8600,8520,8920,7430,9020,7900,8250,9280,8850,
866,7960,8730,8200,8710,9100,8600,8520,8920,7430,9020,7900,8250,9280,8850,
867,7960,8730,8200,8710,9100,8600,8520,8920,7430,9020,7900,8250,9280,8850,
868,7960,8730,8200,8710,9100,8600,8520,8920,7430,9020,7900,8250,9280,8850,
869,7960,8730,8200,8710,9100,8600,8520,8920,7430,9020,7900,8250,9280,8850,
870,7960,8730,8200,8710,9100,8600,8520,8920,7430,9020,7900,8250,9280,8850,
871,7960,8730,8200,8710,9100,8600,8520,8920,7430,9020,7900,8250,9280,8850,
872,7960,8730,8200,8710,9100,8600,8520,8920,7430,9020,7900,8250,9280,8850,
873,7960,8730,8200,8710,9100,8600,8520,8920,7430,9020,7900,8250,9280,8850,
874,7960,8730,8200,8710,9100,8600,8520,8920,7430,9020,7900,8250,9280,8850,
875,7960,8730,8200,8710,9100,8600,8520,8920,7430,9020,7900,8250,9280,8850,
876,7960,8730,8200,8710,9100,8600,8520,8920,7430,9020,7900,8250,9280,8850,
877,7960,8730,8200,8710,9100,8600,8520,8920,7430,9020,7900,8250,9280,8850,
878,7960,8730,8200,8710,9100,8600,8520,8920,7430,9020,7900,8250,9280,8850,
879,7960,8730,8200,8710,9100,8600,8520,8920,7430,9020,7900,8250,9280,8850,
880,7960,8730,8200,8710,9100,8600,8520,8920,7430,9020,7900,8250,9280,8850,
881,7960,8730,8200,8710,9100,8600,8520,8920,7430,9020,7900,8250,9280,8850,
882,7960,8730,8200,8710,9100,8600,8520,8920,7430,9020,7900,8250,9280,8850,
883,7960,8730,8200,8710,9100,8600,8520,8920,7430,9020,7900,8250,9280,8850,
884,7960,8730,8200,8710,9100,8600,8520,8920,7430,9020,7900,8250,9280,8850,
885,7960,8730,8200,8710,9100,8600,8520,8920,7430,9020,7900,8250,9280,8850,
886,7960,8730,8200,8710,9100,8600,8520,8920,7430,9020,7900,8250,9280,8850,
887,7960,8730,8200,8710,9100,8600,8520,8920,7430,9020,7900,8250,9280,8850,
888,7960,8730,8200,8710,9100,8600,8520,8920,7430,9020,7900,8250,9280,8850,
889,7960,8730,8200,8710,9100,8600,8520,8920,7430,9020,7900,8250,9280,8850,
890,7960,8730,8200,8710,9100,8600,8520,8920,7430,9020,7900,8250,9280,8850,
891,7960,8730,8200,8710,9100,8600,8520,8920,7430,9020,7900,8250,9280,8850,
892,7960,8730,8200,8710,9100,8600,8520,8920,7430,9020,7900,8250,9280,8850,
893,7960,8730,8200,8710,9100,8600,8520,8920,7430,9020,7900,8250,9280,8850,
894,7960,8730,8200,8710,9100,8600,8520,8920,7430,9020,7900,8250,9280,8850,
895,7960,8730,8200,8710,9100,8600,8520,8920,7430,9020,7900,8250,9280,8850,
896,7960,8730,8200,8710,9100,8600,8520,8920,7430,9020,7900,8250,9280,8850,
897,7960,8730,8200,8710,9100,8600,8520,8920,7430,9020,7900,8250,9280,8850,
898,7960,8730,8200,8710,9100,8600,8520,8920,7430,9020,7900,8250,9280,8850,
899,7960,8730,8200,8710,9100,8600,8520,8920,7430,9020,7900,8250,9280,8850,
900,7960,8730,8200,8710,9100,8600,8520,8920,7430,9020,7900,8250,9280,8850,
901,7960,8730,8200,8710,9100,8600,8520,8920,7430,9020,7900,8250,9280,8850,
902,7960,8730,8200,8710,9100,8600,8520,8920,7430,9020,7900,8250,9280,8850,
903,7960,8730,8200,8710,9100,8600,8520,8920,7430,9020,7900,8250,9280,8850,
904,7960,8730,8200,8710,9100,8600,8520,8920,7430,9020,7900,8250,9280,8850,
905,7960,8730,8200,8710,9100,8600,8520,8920,7430,9020,7900,8250,9280,8850,
906,7960,8730,8200,8710,9100,8600,8520,8920,7430,9020,7900,8250,9280,8850,
907,7960,8730,8200,8710,9100,8600,8520,8920,7430,9020,7900,8250,9280,8850,
908,7960,8730,8200,8710,9100,8600,8520,8920,7430,9020,7900,8250,9280,8850,
909,7960,8730,8200,8710,9100,8600,8520,8920,7430,9020,7900,8250,9280,8850,
910,7960,8730,8200,8710,9100,8600,8520,8920,7430,9020,7900,8250,9280,8850,
911,7960,8730,8200,8710,9100,8600,8520,8920,7430,9020,7900,8250,9280,8850,
912,7960,8730,8200,8710,9100,8600,8520,8920,7430,9020,7900,8250,9280,8850,
913,7960,8730,8200,8710,9100,8600,8520,8920,7430,9020,7900,8250,9280,8850,
914,7960,8730,8200,8710,9100,8600,8520,8920,7430,9020,7900,8250,9280,8850,
915,7960,8730,8200,8710,9100,8600,8520,8920,7430,9020,7900,8250,9280,8850,
916,7960,8730,8200,8710,9100,8600,8520,8920,7430,9020,7900,8250,9280,8850,
917,7960,8730,8200,8710,9100,8600,8520,8920,7430,9020,7900,8250,9280,8850,
918,7960,8730,8200,8710,9100,8600,8520,8920,7430,9020,7900,8250,9280,8850,
919,7960,8730,8200,8710,9100,8600,8520,8920,7430,9020,7900,8250,9280,8850,
920,7960,8730,8200,8710,9100,8600,8520,8920,7430,9020,7900,8250,9280,8850,
921,7960,8730,8200,8710,9100,8600,8520,8920,7430,9020,7900,8250,9280,8850,
922,7960,8730,8200,8710,9100,8600,8520,8920,7430,9020,7900,8250,9280,8850,
923,7960,8730,8200,8710,9100,8600,8520,8920,7430,9020,7900,8250,9280,8850,
924,7960,8730,8200,8710,9100,8600,8520,8920,7430,9020,7900,8250,9280,8850,
925,7960,8730,8200,8710,9100,8600,8520,8920,7430,9020,7900,8250,9280,8850,
926,7960,8730,8200,8710,9100,8600,8520,8920,7430,9020,7900,8250,9280,8850,
927,7960,8730,8200,8710,9100,8600,8520,8920,7430,9020,7900,8250,9280,8850,
928,7960,8730,8200,8710,9100,8600,8520,8920,7430,9020,7900,8250,9280,8850,
929,7960,8730,8200,8710,9100,8600,8520,8920,7430,9020,7900,8250,9280,8850,
930,7960,8730,8200,8710,9100,8600,8520,8920,7430,9020,7900,8250,9280,8850,
931,7960,8730,8200,8710,9100,8600,8520,8920,7430,9020,7900,8250,9280,8850,
932,7960,8730,8200,8710,9100,8600,8520,8920,7430,9020,7900,8250,9280,8850,
933,7960,8730,8200,8710,9100,8600,8520,8920,7430,9020,7900,8250,9280,8850,
934,7960,8730,8200,8710,9100,8600,8520,8920,7430,9020,7900,8250,9280,8850,
935,7960,8730,8200,8710,9100,8600,8520,8920,7430,9020,7900,8250,9280,8850,
936,7960,8730,8200,8710,9100,8600,8520,8920,7430,9020,7900,8250,9280,8850,
937,7960,8730,8200,8710,9100,8600,8520,8920,7430,9020,7900,8250,9280,8850,
938,7960,8730,8200,8710,9100,8600,8520,8920,7430,9020,7900,8250,9280,8850,
939,7960,8730,8200,8710,9100,8600,8520,8920,7430,9020,7900,8250,9280,8850,
940,7960,8730,8200,8710,9100,8600,8520,8920,7430,9020,7900,8250,9280,8850,
941,7960,8730,8200,8710,9100,8600,8520,8920,7430,9020,7900,8250,9280,8850,
942,7960,8730,8200,8710,9100,8600,8520,8920,7430,9020,7900,8250,9280,8850,
943,7960,8730,8200,8710,9100,8600,8520,8920,7430,9020,7900,8250,9280,8850,
944,7960,8730,8200,8710,9100,8600,8520,8920,7430,9020,7900,8250,9280,8850,
945,7960,8730,8200,8710,9100,8600,8520,8920,7430,9020,7900,8250,9280,8850,
946,7960,8730,8200,8710,9100,8600,8520,8920,7430,9020,7900,8250,9280,8850,
947,7960,8730,8200,8710,9100,8600,8520,8920,7430,9020,7900,8250,9280,8850,
948,7960,8730,8200,8710,9100,8600,8520,8920,7430,9020,7900,8250,9280,8850,
949,7960,8730,8200,8710,9100,8600,8520,8920,7430,9020,7900,8250,9280,8850,
950,7960,8730,8200,8710,9100,8600,8520,8920,7430,9020,7900,8250,9280,8850,
951,7960,8730,8200,8710,9100,8600,8520,8920,7430,9020,7900,8250,9280,8850,
952,7960,8730,8200,8710,9100,8600,8520,8920,7430,9020,7900,8250,9280,8850,
953,7960,8730,8200,8710,9100,8600,8520,8920,7430,9020,7900,8250,9280,8850,
954,7960,8730,8200,8710,9100,8600,8520,8920,7430,9020,7900,8250,9280,8850,
955,7960,8730,8200,8710,9100,8600,8520,8920,7430,9020,7900,8250,9280,8850,
956,7960,8730,8200,8710,9100,8600,8520,8920,7430,9020,7900,8250,9280,8850,
957,7960,8730,8200,8710,9100,8600,8520,8920,7430,9020,7900,8250,9280,8850,
958,7960,8730,8200,8710,9100,8600,8520,8920,7430,9020,7900,8250,9280,8850,
959,7960,8730,8200,8710,9100,8600,8520,8920,7430,9020,7900,8250,9280,8850,
960,7960,8730,8200,8710,9100,8600,8520,8920,7430,9020,7900,8250,9280,8850,
961,7960,8730,8200,8710,9100,8600,8520,8920,7430,9020,7900,8250,9280,8850,
962,7960,8730,8200,8710,9100,8600,8520,8920,7430,9020,7900,8250,9280,8850,
963,7960,8730,8200,8710,9100,8600,8520,8920,7430,9020,7900,8250,9280,8850,
964,7960,8730,8200,8710,9100,8600,8520,8920,7430,9020,7900,8250,9280,8850,
965,7960,8730,8200,8710,9100,8600,8520,8920,7430,9020,7900,8250,9280,8850,
966,7960,8730,8200,8710,9100,8600,8520,8920,7430,9020,7900,8250,9280,8850,
967,7960,8730,8200,8710,9100,8600,8520,8920,7430,9020,7900,8250,9280,8850,
968,7960,8730,8200,8710,9100,8600,8520,8920,7430,9020,7900,8250,9280,8850,
969,7960,8730,8200,8710,9100,8600,8520,8920,7430,9020,7900,8250,9280,8850,
970,7960,8730,8200,8710,9100,8600,8520,8920,7430,9020,7900,8250,9280,8850,
971,7960,8730,8200,8710,9100,8600,8520,8920,7430,9020,7900,8250,9280,8850,
972,7960,8730,8200,8710,9100,8600,8520,8920,7430,9020,7900,8250,9280,8850,
973,7960,8730,8200,8710,9100,8600,8520,8920,7430,9020,7900,8250,9280,8850,
974,7960,8730,8200,8710,9100,8600,8520,8920,7430,9020,7900,8250,9280,8850,
975,7960,8730,8200,8710,9100,8600,8520,8920,7430,9020,7900,8250,9280,8850,
976,7960,8730,8200,8710,9100,8600,8520,8920,7430,9020,7900,8250,9280,8850,
977,7960,8730,8200,8710,9100,8600,8520,8920,7430,9020,7900,8250,9280,8850,
978,7960,8730,8200,8710,9100,8600,8520,8920,7430,9020,7900,8250,9280,8850,
979,7960,8730,8200,8710,9100,8600,8520,8920,7430,9020,7900,8250,9280,8850,
980,7960,8730,8200,8710,9100,8600,8520,8920,7430,9020,7900,8250,9280,8850,
981,7960,8730,8200,8710,9100,8600,8520,8920,7430,9020,7900,8250,9280,8850,
982,7960,8730,8200,8710,9100,8600,8520,8920,7430,9020,7900,8250,9280,8850,
983,7960,8730,8200,8710,9100,8600,8520,8920,7430,9020,7900,8250,9280,8850,
984,7960,8730,8200,8710,9100,8600,8520,8920,7430,9020,7900,8250,9280,8850,
985,7960,8730,8200,8710,9100,8600,8520,8920,7430,9020,7900,8250,9280,8850,
986,7960,8730,8200,8710,9100,8600,8520,8920,7430,9020,7900,8250,9280,8850,
987,7960,8730,8200,8710,9100,8600,8520,8920,7430,9020,7900,8250,9280,8850,
988,7960,8730,8200,8710,9100,8600,8520,8920,7430,9020,7900,8250,9280,8850,
989,7960,8730,8200,8710,9100,8600,8520,8920,7430,9020,7900,8250,9280,8850,
990,7960,8730,8200,8710,9100,8600,8520,8920,7430,9020,7900,8250,9280,8850,
991,7960,8730,8200,8710,9100,8600,8520,8920,7430,9020,7900,8250,9280,8850,
992,7960,8730,8200,8710,9100,8600,8520,8920,7430,9020,7900,8250,9280,8850,
993,7960,8730,8200,8710,9100,8600,8520,8920,7430,9020,7900,8250,9280,8850,
994,7960,8730,8200,8710,9100,8600,8520,8920,7430,9020,7900,8250,9280,8850,
995,7960,8730,8200,8710,9100,8600,8520,8920,7430,9020,7900,8250,9280,8850,
996,7960,8730,8200,8710,9100,8600,8520,8920,7430,9020,7900,8250,9280,8850,
997,7960,8730,8200,8710,9100,8600,8520,8920,7430,9020,7900,8250,9280,8850,
998,7960,8730,8200,8710,9100,8600,8520,8920,7430,9020,7900,8250,9280,8850,
999,7960,8730,8200,8710,9100,8600,8520,8920,7430,9020,7900,8250,9280,8850,
